;Buy Volume(MWh);Sell Volume(MWh);Volume(MWh);Price(â‚¬/MWh)
2020-04-24 00:00:00;22591.8;13002.1;22591.8;23.87
2020-04-24 01:00:00;22040.0;12628.1;22040.0;21.63
2020-04-24 02:00:00;21993.8;12201.4;21993.8;21.54
2020-04-24 03:00:00;22243.6;12582.1;22243.6;21.54
2020-04-24 04:00:00;21861.8;11967.5;21861.8;20.93
2020-04-24 05:00:00;22135.9;11555.3;22135.9;22.0
2020-04-24 06:00:00;22365.1;11293.1;22365.1;26.69
2020-04-24 07:00:00;23148.7;14152.1;23148.7;35.85
2020-04-24 08:00:00;28543.7;19460.6;28543.7;31.0
2020-04-24 09:00:00;31184.9;23675.2;31184.9;21.84
2020-04-24 10:00:00;33111.3;26610.8;33111.3;20.0
2020-04-24 11:00:00;33838.6;29455.4;33838.6;18.45
2020-04-24 12:00:00;33746.5;31719.6;33746.5;16.15
2020-04-24 13:00:00;33780.8;32827.0;33780.8;14.55
2020-04-24 14:00:00;33534.2;32360.7;33534.2;12.02
2020-04-24 15:00:00;33399.5;30376.1;33399.5;10.0
2020-04-24 16:00:00;32829.5;27284.3;32829.5;11.81
2020-04-24 17:00:00;32531.7;22849.4;32531.7;15.62
2020-04-24 18:00:00;32206.0;18857.6;32206.0;19.97
2020-04-24 19:00:00;30782.3;15986.9;30782.3;22.27
2020-04-24 20:00:00;24795.4;12743.6;24795.4;22.5
2020-04-24 21:00:00;23925.1;13727.6;23925.1;21.98
2020-04-24 22:00:00;23381.2;13445.9;23381.2;23.0
2020-04-24 23:00:00;23200.0;14301.4;23200.0;20.4
2020-04-25 00:00:00;22484.2;15324.8;22484.2;12.9
2020-04-25 01:00:00;22754.5;15921.5;22754.5;9.07
2020-04-25 02:00:00;22466.9;15941.8;22466.9;12.61
2020-04-25 03:00:00;21728.2;15307.7;21728.2;14.42
2020-04-25 04:00:00;21360.5;14519.1;21360.5;14.48
2020-04-25 05:00:00;21608.9;13831.2;21608.9;14.03
2020-04-25 06:00:00;21507.6;14021.4;21507.6;14.88
2020-04-25 07:00:00;21970.4;15426.5;21970.4;15.09
2020-04-25 08:00:00;23328.5;19160.5;23328.5;18.7
2020-04-25 09:00:00;24686.3;23189.0;24686.3;16.63
2020-04-25 10:00:00;26166.9;26879.7;26879.7;16.03
2020-04-25 11:00:00;27409.0;29598.6;29598.6;16.3
2020-04-25 12:00:00;27041.8;31197.3;31197.3;15.08
2020-04-25 13:00:00;27452.4;32131.9;32131.9;12.25
2020-04-25 14:00:00;27495.9;30959.0;30959.0;7.76
2020-04-25 15:00:00;27263.3;28790.8;28790.8;7.99
2020-04-25 16:00:00;26046.2;25453.5;26046.2;10.07
2020-04-25 17:00:00;25214.6;21229.9;25214.6;16.62
2020-04-25 18:00:00;23974.3;17299.5;23974.3;23.51
2020-04-25 19:00:00;23130.3;15472.8;23130.3;26.7
2020-04-25 20:00:00;22778.0;14461.2;22778.0;32.0
2020-04-25 21:00:00;22069.3;14728.4;22069.3;29.77
2020-04-25 22:00:00;21444.8;13957.3;21444.8;25.69
2020-04-25 23:00:00;21502.0;14814.4;21502.0;22.11
2020-04-26 00:00:00;21708.9;15044.1;21708.9;22.3
2020-04-26 01:00:00;22629.9;15652.6;22629.9;19.79
2020-04-26 02:00:00;22472.5;15845.8;22472.5;20.76
2020-04-26 03:00:00;22351.1;15703.4;22351.1;21.06
2020-04-26 04:00:00;21600.4;15654.3;21600.4;22.23
2020-04-26 05:00:00;21999.6;15620.0;21999.6;21.95
2020-04-26 06:00:00;22651.4;16169.8;22651.4;18.81
2020-04-26 07:00:00;22981.3;18160.2;22981.3;18.09
2020-04-26 08:00:00;23802.3;21725.9;23802.3;16.06
2020-04-26 09:00:00;25452.5;26593.3;26593.3;15.01
2020-04-26 10:00:00;26886.9;29948.1;29948.1;13.0
2020-04-26 11:00:00;27109.5;31815.6;31815.6;14.38
2020-04-26 12:00:00;27656.4;33679.7;33679.7;15.0
2020-04-26 13:00:00;27546.5;33990.9;33990.9;11.9
2020-04-26 14:00:00;27411.2;32626.0;32626.0;5.56
2020-04-26 15:00:00;27081.1;30023.6;30023.6;6.93
2020-04-26 16:00:00;26823.0;27067.2;27067.2;12.42
2020-04-26 17:00:00;24645.4;22406.3;24645.4;16.15
2020-04-26 18:00:00;23798.2;18832.6;23798.2;24.82
2020-04-26 19:00:00;22741.2;16404.1;22741.2;27.97
2020-04-26 20:00:00;22215.5;14912.8;22215.5;31.84
2020-04-26 21:00:00;21981.0;14761.4;21981.0;27.49
2020-04-26 22:00:00;21461.3;14370.7;21461.3;26.06
2020-04-26 23:00:00;21908.5;14326.1;21908.5;23.76
2020-04-27 00:00:00;21694.5;15206.1;21694.5;20.84
2020-04-27 01:00:00;22231.6;15129.9;22231.6;21.11
2020-04-27 02:00:00;22895.3;15321.2;22895.3;19.08
2020-04-27 03:00:00;22791.1;15234.4;22791.1;19.34
2020-04-27 04:00:00;22691.4;15521.7;22691.4;20.23
2020-04-27 05:00:00;22694.6;14709.2;22694.6;21.61
2020-04-27 06:00:00;21270.3;14030.8;21270.3;25.95
2020-04-27 07:00:00;23613.2;17061.8;23613.2;28.0
2020-04-27 08:00:00;28312.0;22793.9;28312.0;25.9
2020-04-27 09:00:00;30476.9;26674.5;30476.9;21.99
2020-04-27 10:00:00;32160.5;30176.1;32160.5;21.17
2020-04-27 11:00:00;33342.0;31854.5;33342.0;20.64
2020-04-27 12:00:00;32681.1;32933.5;32933.5;21.92
2020-04-27 13:00:00;33115.5;33810.5;33810.5;20.39
2020-04-27 14:00:00;32855.8;32460.5;32855.8;19.85
2020-04-27 15:00:00;33383.0;30630.8;33383.0;18.42
2020-04-27 16:00:00;33465.9;27500.2;33465.9;18.4
2020-04-27 17:00:00;29798.3;24532.9;29798.3;24.92
2020-04-27 18:00:00;28144.9;19949.9;28144.9;32.96
2020-04-27 19:00:00;28178.5;18330.7;28178.5;48.31
2020-04-27 20:00:00;23943.7;16069.0;23943.7;45.56
2020-04-27 21:00:00;23191.2;15780.0;23191.2;38.56
2020-04-27 22:00:00;21786.7;14769.5;21786.7;32.1
2020-04-27 23:00:00;20515.0;14151.8;20515.0;24.74
2020-04-28 00:00:00;20899.9;13521.3;20899.9;22.21
2020-04-28 01:00:00;22650.8;13390.2;22650.8;20.27
2020-04-28 02:00:00;24107.3;14762.1;24107.3;20.42
2020-04-28 03:00:00;24410.6;15027.0;24410.6;20.16
2020-04-28 04:00:00;24064.5;14458.4;24064.5;20.61
2020-04-28 05:00:00;22230.3;13458.0;22230.3;21.94
2020-04-28 06:00:00;22153.2;15368.9;22153.2;25.94
2020-04-28 07:00:00;23183.2;18769.1;23183.2;27.94
2020-04-28 08:00:00;25552.7;21288.6;25552.7;28.72
2020-04-28 09:00:00;26998.8;23850.2;26998.8;27.95
2020-04-28 10:00:00;27457.6;25361.2;27457.6;26.16
2020-04-28 11:00:00;28123.4;25901.7;28123.4;25.83
2020-04-28 12:00:00;27794.2;25808.6;27794.2;24.93
2020-04-28 13:00:00;28438.2;25146.8;28438.2;24.06
2020-04-28 14:00:00;27567.4;24419.5;27567.4;24.89
2020-04-28 15:00:00;27647.1;22472.2;27647.1;24.85
2020-04-28 16:00:00;26784.3;20123.1;26784.3;24.81
2020-04-28 17:00:00;25891.4;18984.8;25891.4;27.18
2020-04-28 18:00:00;25539.8;17781.2;25539.8;28.74
2020-04-28 19:00:00;24728.4;16414.3;24728.4;31.28
2020-04-28 20:00:00;22260.8;15744.2;22260.8;29.99
2020-04-28 21:00:00;21676.1;16161.4;21676.1;27.44
2020-04-28 22:00:00;20941.9;15225.6;20941.9;24.09
2020-04-28 23:00:00;20834.8;13349.9;20834.8;21.03
2020-04-29 00:00:00;22938.4;12986.4;22938.4;19.04
2020-04-29 01:00:00;23478.3;13302.7;23478.3;17.58
2020-04-29 02:00:00;23173.1;13507.3;23173.1;17.09
2020-04-29 03:00:00;23301.4;13865.8;23301.4;17.11
2020-04-29 04:00:00;21876.4;13283.7;21876.4;18.04
2020-04-29 05:00:00;21891.6;12265.4;21891.6;20.91
2020-04-29 06:00:00;21686.8;14406.3;21686.8;24.28
2020-04-29 07:00:00;23847.9;18539.7;23847.9;27.09
2020-04-29 08:00:00;26447.4;19950.0;26447.4;30.57
2020-04-29 09:00:00;26844.9;21233.5;26844.9;30.24
2020-04-29 10:00:00;26754.8;21960.2;26754.8;27.98
2020-04-29 11:00:00;27332.3;22894.1;27332.3;26.0
2020-04-29 12:00:00;27965.1;23788.1;27965.1;23.49
2020-04-29 13:00:00;29944.5;23974.2;29944.5;19.08
2020-04-29 14:00:00;29827.3;24303.6;29827.3;18.0
2020-04-29 15:00:00;30494.8;23733.0;30494.8;17.7
2020-04-29 16:00:00;29768.1;21739.3;29768.1;19.01
2020-04-29 17:00:00;27551.4;20044.0;27551.4;21.59
2020-04-29 18:00:00;26868.4;18951.9;26868.4;26.46
2020-04-29 19:00:00;27832.2;18719.4;27832.2;28.7
2020-04-29 20:00:00;22272.2;14696.1;22272.2;30.85
2020-04-29 21:00:00;21622.0;15140.6;21622.0;27.81
2020-04-29 22:00:00;21353.9;13735.0;21353.9;23.69
2020-04-29 23:00:00;22413.4;11792.3;22413.4;20.96
2020-04-30 00:00:00;24475.7;11719.9;24475.7;17.55
2020-04-30 01:00:00;24141.5;13242.7;24141.5;15.57
2020-04-30 02:00:00;25181.8;14314.5;25181.8;14.05
2020-04-30 03:00:00;25508.2;14166.1;25508.2;13.64
2020-04-30 04:00:00;24877.8;14116.1;24877.8;13.84
2020-04-30 05:00:00;24700.7;13558.1;24700.7;17.4
2020-04-30 06:00:00;24574.4;12722.1;24574.4;21.35
2020-04-30 07:00:00;24921.4;15870.5;24921.4;24.97
2020-04-30 08:00:00;28596.3;17896.5;28596.3;25.11
2020-04-30 09:00:00;28392.3;19188.2;28392.3;23.46
2020-04-30 10:00:00;29709.7;20564.9;29709.7;21.89
2020-04-30 11:00:00;30483.4;21163.7;30483.4;21.02
2020-04-30 12:00:00;31974.8;23252.8;31974.8;14.81
2020-04-30 13:00:00;31799.7;24744.4;31799.7;9.25
2020-04-30 14:00:00;31816.3;24736.3;31816.3;10.22
2020-04-30 15:00:00;31504.7;23418.5;31504.7;13.45
2020-04-30 16:00:00;31683.9;22014.9;31683.9;17.75
2020-04-30 17:00:00;29137.7;19478.2;29137.7;23.41
2020-04-30 18:00:00;28331.5;18281.1;28331.5;27.13
2020-04-30 19:00:00;28993.7;18329.2;28993.7;34.74
2020-04-30 20:00:00;23857.5;15044.0;23857.5;34.66
2020-04-30 21:00:00;23118.0;15783.6;23118.0;29.02
2020-04-30 22:00:00;23586.2;13952.1;23586.2;22.04
2020-04-30 23:00:00;23336.9;12974.3;23336.9;13.77
2020-05-01 00:00:00;20221.5;14015.8;20221.5;5.5
2020-05-01 01:00:00;19601.4;15418.1;19601.4;5.35
2020-05-01 02:00:00;19746.5;15414.7;19746.5;3.82
2020-05-01 03:00:00;19903.3;15169.5;19903.3;2.63
2020-05-01 04:00:00;19796.2;15037.7;19796.2;1.56
2020-05-01 05:00:00;20180.9;14468.5;20180.9;2.46
2020-05-01 06:00:00;19922.7;15559.2;19922.7;2.54
2020-05-01 07:00:00;19781.7;17059.3;19781.7;1.5
2020-05-01 08:00:00;24358.3;22969.9;24358.3;-1.57
2020-05-01 09:00:00;24390.2;26414.6;26414.6;-2.43
2020-05-01 10:00:00;25662.4;28494.5;28494.5;-2.89
2020-05-01 11:00:00;26033.2;31066.6;31066.6;-2.47
2020-05-01 12:00:00;26242.0;32015.9;32015.9;0.35
2020-05-01 13:00:00;26275.9;31808.2;31808.2;-2.04
2020-05-01 14:00:00;26022.7;30787.2;30787.2;-2.06
2020-05-01 15:00:00;25509.0;28647.1;28647.1;-0.04
2020-05-01 16:00:00;25523.9;25283.2;25523.9;1.95
2020-05-01 17:00:00;25611.7;20614.2;25611.7;7.88
2020-05-01 18:00:00;25669.9;18754.9;25669.9;18.99
2020-05-01 19:00:00;23716.7;16572.2;23716.7;23.5
2020-05-01 20:00:00;20115.1;13246.7;20115.1;28.43
2020-05-01 21:00:00;19956.8;13661.7;19956.8;26.88
2020-05-01 22:00:00;21768.1;13833.7;21768.1;20.91
2020-05-01 23:00:00;21077.0;13706.1;21077.0;16.0
2020-05-05 00:00:00;21618.4;12466.6;21618.4;18.14
2020-05-05 01:00:00;22106.7;12235.4;22106.7;17.99
2020-05-05 02:00:00;22495.4;12573.1;22495.4;17.2
2020-05-05 03:00:00;22611.4;12670.4;22611.4;18.05
2020-05-05 04:00:00;22381.5;12670.8;22381.5;18.07
2020-05-05 05:00:00;22324.7;12217.5;22324.7;20.08
2020-05-05 06:00:00;22505.7;14705.0;22505.7;23.2
2020-05-05 07:00:00;23482.7;17361.6;23482.7;27.61
2020-05-05 08:00:00;26827.3;21253.3;26827.3;26.06
2020-05-05 09:00:00;28390.5;24932.0;28390.5;22.35
2020-05-05 10:00:00;30285.9;26922.1;30285.9;19.92
2020-05-05 11:00:00;30224.9;28198.4;30224.9;21.02
2020-05-05 12:00:00;30011.3;29594.5;30011.3;20.27
2020-05-05 13:00:00;30534.4;30251.5;30534.4;19.1
2020-05-05 14:00:00;30924.5;29431.9;30924.5;17.16
2020-05-05 15:00:00;31035.7;27778.6;31035.7;16.12
2020-05-05 16:00:00;30452.7;25782.6;30452.7;17.31
2020-05-05 17:00:00;29617.9;23017.0;29617.9;20.42
2020-05-05 18:00:00;26419.6;19508.9;26419.6;24.1
2020-05-05 19:00:00;25510.6;17186.7;25510.6;28.75
2020-05-05 20:00:00;21463.9;14473.8;21463.9;32.41
2020-05-05 21:00:00;21921.8;15683.8;21921.8;27.34
2020-05-05 22:00:00;20453.6;13531.5;20453.6;25.34
2020-05-05 23:00:00;19359.3;13933.9;19359.3;23.24
2020-05-06 00:00:00;19871.8;13167.0;19871.8;20.99
2020-05-06 01:00:00;21979.6;13597.4;21979.6;20.06
2020-05-06 02:00:00;22347.4;13474.3;22347.4;20.0
2020-05-06 03:00:00;22941.0;13687.8;22941.0;19.04
2020-05-06 04:00:00;23506.3;13531.5;23506.3;17.04
2020-05-06 05:00:00;22518.5;12553.9;22518.5;20.1
2020-05-06 06:00:00;22461.7;13986.4;22461.7;24.95
2020-05-06 07:00:00;24399.7;18381.2;24399.7;29.2
2020-05-06 08:00:00;28586.0;22596.3;28586.0;26.96
2020-05-06 09:00:00;29993.1;26359.2;29993.1;24.22
2020-05-06 10:00:00;31604.0;29323.1;31604.0;21.16
2020-05-06 11:00:00;33236.2;30734.9;33236.2;20.34
2020-05-06 12:00:00;33592.5;32207.0;33592.5;20.28
2020-05-06 13:00:00;33889.1;32703.6;33889.1;18.07
2020-05-06 14:00:00;34637.8;32001.8;34637.8;16.41
2020-05-06 15:00:00;33547.4;30188.9;33547.4;16.27
2020-05-06 16:00:00;32440.9;27235.5;32440.9;16.69
2020-05-06 17:00:00;30724.8;23340.7;30724.8;18.79
2020-05-06 18:00:00;27444.5;19809.0;27444.5;22.94
2020-05-06 19:00:00;25919.2;17049.1;25919.2;24.96
2020-05-06 20:00:00;23052.0;14777.2;23052.0;25.42
2020-05-06 21:00:00;21769.1;14615.7;21769.1;24.97
2020-05-06 22:00:00;19797.3;14072.0;19797.3;24.68
2020-05-06 23:00:00;19667.0;13797.0;19667.0;22.14
2020-05-07 00:00:00;19706.6;13449.6;19706.6;20.08
2020-05-07 01:00:00;20125.6;13048.1;20125.6;19.03
2020-05-07 02:00:00;20956.1;13142.3;20956.1;18.57
2020-05-07 03:00:00;21088.8;13160.3;21088.8;18.5
2020-05-07 04:00:00;20776.8;12646.1;20776.8;18.48
2020-05-07 05:00:00;21875.9;11816.1;21875.9;19.07
2020-05-07 06:00:00;21144.3;13997.4;21144.3;23.01
2020-05-07 07:00:00;23926.4;16990.4;23926.4;25.03
2020-05-07 08:00:00;26543.5;21073.7;26543.5;24.98
2020-05-07 09:00:00;27893.4;25480.7;27893.4;21.54
2020-05-07 10:00:00;30267.8;29358.8;30267.8;19.7
2020-05-07 11:00:00;31309.0;31939.4;31939.4;19.06
2020-05-07 12:00:00;31248.8;33674.6;33674.6;17.06
2020-05-07 13:00:00;31132.7;34479.9;34479.9;16.75
2020-05-07 14:00:00;31232.9;33500.5;33500.5;17.34
2020-05-07 15:00:00;30567.5;31670.3;31670.3;18.32
2020-05-07 16:00:00;30111.7;28737.1;30111.7;19.0
2020-05-07 17:00:00;27700.9;23677.0;27700.9;20.39
2020-05-07 18:00:00;25801.0;19276.5;25801.0;26.91
2020-05-07 19:00:00;26770.1;18339.6;26770.1;48.95
2020-05-07 20:00:00;22379.1;15542.6;22379.1;50.98
2020-05-07 21:00:00;21509.4;14365.8;21509.4;35.45
2020-05-07 22:00:00;19616.4;13603.7;19616.4;27.93
2020-05-07 23:00:00;19031.3;13630.1;19031.3;25.8
2020-05-08 00:00:00;19871.8;13167.0;19871.8;20.99
2020-05-08 01:00:00;21979.6;13597.4;21979.6;20.06
2020-05-08 02:00:00;22347.4;13474.3;22347.4;20.0
2020-05-08 03:00:00;22941.0;13687.8;22941.0;19.04
2020-05-08 04:00:00;23506.3;13531.5;23506.3;17.04
2020-05-08 05:00:00;22518.5;12553.9;22518.5;20.1
2020-05-08 06:00:00;22461.7;13986.4;22461.7;24.95
2020-05-08 07:00:00;24399.7;18381.2;24399.7;29.2
2020-05-08 08:00:00;28586.0;22596.3;28586.0;26.96
2020-05-08 09:00:00;29993.1;26359.2;29993.1;24.22
2020-05-08 10:00:00;31604.0;29323.1;31604.0;21.16
2020-05-08 11:00:00;33236.2;30734.9;33236.2;20.34
2020-05-08 12:00:00;33592.5;32207.0;33592.5;20.28
2020-05-08 13:00:00;33889.1;32703.6;33889.1;18.07
2020-05-08 14:00:00;34637.8;32001.8;34637.8;16.41
2020-05-08 15:00:00;33547.4;30188.9;33547.4;16.27
2020-05-08 16:00:00;32440.9;27235.5;32440.9;16.69
2020-05-08 17:00:00;30724.8;23340.7;30724.8;18.79
2020-05-08 18:00:00;27444.5;19809.0;27444.5;22.94
2020-05-08 19:00:00;25919.2;17049.1;25919.2;24.96
2020-05-08 20:00:00;23052.0;14777.2;23052.0;25.42
2020-05-08 21:00:00;21769.1;14615.7;21769.1;24.97
2020-05-08 22:00:00;19797.3;14072.0;19797.3;24.68
2020-05-08 23:00:00;19667.0;13797.0;19667.0;22.14
2020-05-09 00:00:00;20789.1;13365.7;20789.1;21.51
2020-05-09 01:00:00;21910.2;13987.1;21910.2;20.72
2020-05-09 02:00:00;22301.6;13417.5;22301.6;20.89
2020-05-09 03:00:00;22329.1;13543.1;22329.1;21.01
2020-05-09 04:00:00;21990.9;13187.5;21990.9;22.0
2020-05-09 05:00:00;22107.5;13222.9;22107.5;21.73
2020-05-09 06:00:00;22902.3;13952.7;22902.3;21.11
2020-05-09 07:00:00;22549.6;15616.2;22549.6;21.11
2020-05-09 08:00:00;23813.1;18355.2;23813.1;21.06
2020-05-09 09:00:00;25702.0;21245.4;25702.0;20.24
2020-05-09 10:00:00;26024.6;23811.0;26024.6;18.79
2020-05-09 11:00:00;26758.5;26485.4;26758.5;19.01
2020-05-09 12:00:00;26456.6;28958.8;28958.8;18.38
2020-05-09 13:00:00;25984.0;28286.4;28286.4;16.93
2020-05-09 14:00:00;25693.1;26894.7;26894.7;16.02
2020-05-09 15:00:00;26372.4;25335.2;26372.4;14.75
2020-05-09 16:00:00;26927.7;23810.2;26927.7;16.05
2020-05-09 17:00:00;25343.5;20778.8;25343.5;21.11
2020-05-09 18:00:00;23388.4;18302.5;23388.4;26.97
2020-05-09 19:00:00;23751.0;17803.5;23751.0;36.61
2020-05-09 20:00:00;22718.6;15927.4;22718.6;33.99
2020-05-09 21:00:00;21044.7;14988.5;21044.7;28.28
2020-05-09 22:00:00;19730.0;12256.8;19730.0;26.41
2020-05-09 23:00:00;19912.0;13514.0;19912.0;22.93
2020-05-10 00:00:00;22441.3;13899.4;22441.3;20.7
2020-05-10 01:00:00;22107.7;14229.3;22107.7;19.41
2020-05-10 02:00:00;21870.2;14429.1;21870.2;19.1
2020-05-10 03:00:00;21752.9;13452.6;21752.9;18.29
2020-05-10 04:00:00;21740.3;13723.8;21740.3;16.43
2020-05-10 05:00:00;21914.4;13476.7;21914.4;16.0
2020-05-10 06:00:00;21972.1;13774.0;21972.1;15.0
2020-05-10 07:00:00;22272.4;14770.9;22272.4;12.76
2020-05-10 08:00:00;22981.4;16983.4;22981.4;14.01
2020-05-10 09:00:00;23997.8;19040.4;23997.8;13.77
2020-05-10 10:00:00;25685.5;21320.8;25685.5;12.64
2020-05-10 11:00:00;26725.5;23250.5;26725.5;12.46
2020-05-10 12:00:00;27234.2;25807.6;27234.2;11.72
2020-05-10 13:00:00;26739.7;26882.1;26882.1;6.0
2020-05-10 14:00:00;26793.4;26719.7;26793.4;2.36
2020-05-10 15:00:00;26124.8;24603.1;26124.8;0.93
2020-05-10 16:00:00;25658.6;22268.1;25658.6;2.97
2020-05-10 17:00:00;25917.1;18847.4;25917.1;6.23
2020-05-10 18:00:00;25070.6;16029.5;25070.6;12.1
2020-05-10 19:00:00;24525.4;13860.3;24525.4;14.51
2020-05-10 20:00:00;24591.8;13546.9;24591.8;14.73
2020-05-10 21:00:00;25133.3;14312.2;25133.3;14.99
2020-05-10 22:00:00;23981.8;14204.1;23981.8;14.7
2020-05-10 23:00:00;23469.8;15197.1;23469.8;10.1
2020-05-11 00:00:00;25047.2;15843.8;25047.2;5.79
2020-05-11 01:00:00;25004.2;16413.0;25004.2;2.02
2020-05-11 02:00:00;25349.3;16773.3;25349.3;0.13
2020-05-11 03:00:00;25420.2;16615.4;25420.2;-0.01
2020-05-11 04:00:00;25514.9;16116.2;25514.9;0.02
2020-05-11 05:00:00;25885.0;14368.5;25885.0;3.74
2020-05-11 06:00:00;25694.6;14525.5;25694.6;18.96
2020-05-11 07:00:00;25845.0;16333.6;25845.0;22.66
2020-05-11 08:00:00;28526.8;19855.8;28526.8;24.95
2020-05-11 09:00:00;29745.1;20444.8;29745.1;22.5
2020-05-11 10:00:00;30697.1;19913.9;30697.1;20.14
2020-05-11 11:00:00;31864.6;20728.6;31864.6;19.07
2020-05-11 12:00:00;32364.7;21421.5;32364.7;16.46
2020-05-11 13:00:00;31874.2;22059.3;31874.2;14.15
2020-05-11 14:00:00;32295.2;22091.7;32295.2;8.71
2020-05-11 15:00:00;32022.9;21766.7;32022.9;8.01
2020-05-11 16:00:00;31870.2;20690.8;31870.2;8.07
2020-05-11 17:00:00;30646.1;19079.5;30646.1;13.89
2020-05-11 18:00:00;30227.6;18155.0;30227.6;18.33
2020-05-11 19:00:00;28409.0;16728.8;28409.0;22.0
2020-05-11 20:00:00;25170.4;14894.3;25170.4;22.24
2020-05-11 21:00:00;23318.6;14659.2;23318.6;23.97
2020-05-11 22:00:00;23585.6;14407.9;23585.6;21.85
2020-05-11 23:00:00;24274.9;13823.2;24274.9;20.01
2020-05-12 00:00:00;23261.0;13300.2;23261.0;21.4
2020-05-12 01:00:00;23527.1;12543.5;23527.1;18.93
2020-05-12 02:00:00;23140.9;12303.4;23140.9;18.06
2020-05-12 03:00:00;24139.3;12272.8;24139.3;17.05
2020-05-12 04:00:00;24994.7;11600.8;24994.7;16.84
2020-05-12 05:00:00;24645.6;11031.7;24645.6;19.3
2020-05-12 06:00:00;25210.1;12973.3;25210.1;26.53
2020-05-12 07:00:00;26346.3;16635.4;26346.3;33.36
2020-05-12 08:00:00;28788.7;20514.0;28788.7;26.68
2020-05-12 09:00:00;28896.4;24999.8;28896.4;24.0
2020-05-12 10:00:00;29959.8;27238.6;29959.8;22.54
2020-05-12 11:00:00;31179.0;28490.5;31179.0;22.0
2020-05-12 12:00:00;31327.9;29407.1;31327.9;20.0
2020-05-12 13:00:00;30968.5;29748.7;30968.5;18.03
2020-05-12 14:00:00;30589.1;29223.7;30589.1;17.03
2020-05-12 15:00:00;30704.1;27496.8;30704.1;17.05
2020-05-12 16:00:00;30300.0;25212.7;30300.0;17.1
2020-05-12 17:00:00;29033.4;21179.2;29033.4;21.53
2020-05-12 18:00:00;28016.4;19262.4;28016.4;25.28
2020-05-12 19:00:00;28224.9;17531.5;28224.9;27.83
2020-05-12 20:00:00;24583.1;15265.4;24583.1;28.76
2020-05-12 21:00:00;24186.3;14965.3;24186.3;26.52
2020-05-12 22:00:00;22114.4;14868.8;22114.4;25.15
2020-05-12 23:00:00;20766.5;14572.0;20766.5;23.6
2020-05-14 00:00:00;22513.6;12392.1;22513.6;19.05
2020-05-14 01:00:00;23462.4;11809.9;23462.4;17.53
2020-05-14 02:00:00;23719.4;12218.2;23719.4;17.03
2020-05-14 03:00:00;23562.9;12078.5;23562.9;17.07
2020-05-14 04:00:00;23010.5;12050.2;23010.5;17.07
2020-05-14 05:00:00;22762.3;11765.1;22762.3;19.71
2020-05-14 06:00:00;22142.8;12748.9;22142.8;24.08
2020-05-14 07:00:00;23816.5;14361.1;23816.5;27.39
2020-05-14 08:00:00;26604.3;17704.6;26604.3;27.97
2020-05-14 09:00:00;28006.7;20859.2;28006.7;23.0
2020-05-14 10:00:00;28310.5;22897.8;28310.5;22.65
2020-05-14 11:00:00;28947.0;23823.5;28947.0;21.6
2020-05-14 12:00:00;29636.5;24763.7;29636.5;19.96
2020-05-14 13:00:00;30663.1;24578.6;30663.1;18.63
2020-05-14 14:00:00;31095.1;24090.3;31095.1;18.45
2020-05-14 15:00:00;31802.8;23076.9;31802.8;18.0
2020-05-14 16:00:00;31553.7;21149.5;31553.7;18.0
2020-05-14 17:00:00;28414.7;18559.1;28414.7;19.99
2020-05-14 18:00:00;26408.1;15864.3;26408.1;22.05
2020-05-14 19:00:00;25969.9;13680.5;25969.9;24.92
2020-05-14 20:00:00;22295.7;11980.8;22295.7;25.9
2020-05-14 21:00:00;21741.6;11490.6;21741.6;25.25
2020-05-14 22:00:00;20999.9;11593.2;20999.9;21.85
2020-05-14 23:00:00;22319.3;12881.5;22319.3;18.86
2020-05-15 00:00:00;22513.6;12392.1;22513.6;19.05
2020-05-15 01:00:00;23462.4;11809.9;23462.4;17.53
2020-05-15 02:00:00;23719.4;12218.2;23719.4;17.03
2020-05-15 03:00:00;23562.9;12078.5;23562.9;17.07
2020-05-15 04:00:00;23010.5;12050.2;23010.5;17.07
2020-05-15 05:00:00;22762.3;11765.1;22762.3;19.71
2020-05-15 06:00:00;22142.8;12748.9;22142.8;24.08
2020-05-15 07:00:00;23816.5;14361.1;23816.5;27.39
2020-05-15 08:00:00;26604.3;17704.6;26604.3;27.97
2020-05-15 09:00:00;28006.7;20859.2;28006.7;23.0
2020-05-15 10:00:00;28310.5;22897.8;28310.5;22.65
2020-05-15 11:00:00;28947.0;23823.5;28947.0;21.6
2020-05-15 12:00:00;29636.5;24763.7;29636.5;19.96
2020-05-15 13:00:00;30663.1;24578.6;30663.1;18.63
2020-05-15 14:00:00;31095.1;24090.3;31095.1;18.45
2020-05-15 15:00:00;31802.8;23076.9;31802.8;18.0
2020-05-15 16:00:00;31553.7;21149.5;31553.7;18.0
2020-05-15 17:00:00;28414.7;18559.1;28414.7;19.99
2020-05-15 18:00:00;26408.1;15864.3;26408.1;22.05
2020-05-15 19:00:00;25969.9;13680.5;25969.9;24.92
2020-05-15 20:00:00;22295.7;11980.8;22295.7;25.9
2020-05-15 21:00:00;21741.6;11490.6;21741.6;25.25
2020-05-15 22:00:00;20999.9;11593.2;20999.9;21.85
2020-05-15 23:00:00;22319.3;12881.5;22319.3;18.86
2020-05-13 00:00:00;18736.1;14652.1;18736.1;23.92
2020-05-13 01:00:00;19636.1;14459.2;19636.1;22.05
2020-05-13 02:00:00;20764.4;15036.0;20764.4;20.46
2020-05-13 03:00:00;21381.1;14746.5;21381.1;19.97
2020-05-13 04:00:00;21198.5;14079.7;21198.5;20.16
2020-05-13 05:00:00;21089.3;13623.0;21089.3;22.58
2020-05-13 06:00:00;21876.5;14079.2;21876.5;32.09
2020-05-13 07:00:00;24212.3;18528.8;24212.3;43.68
2020-05-13 08:00:00;27477.3;22115.4;27477.3;43.09
2020-05-13 09:00:00;27682.8;24492.9;27682.8;35.8
2020-05-13 10:00:00;27406.4;25208.8;27406.4;35.79
2020-05-13 11:00:00;27592.6;25924.2;27592.6;34.0
2020-05-13 12:00:00;28081.4;26385.6;28081.4;32.44
2020-05-13 13:00:00;27690.2;25879.8;27690.2;30.49
2020-05-13 14:00:00;27464.7;24346.4;27464.7;28.8
2020-05-13 15:00:00;27583.5;23146.0;27583.5;28.72
2020-05-13 16:00:00;26909.9;21646.8;26909.9;28.33
2020-05-13 17:00:00;25884.0;19399.5;25884.0;34.88
2020-05-13 18:00:00;26344.9;18468.1;26344.9;34.73
2020-05-13 19:00:00;26071.7;17225.6;26071.7;34.88
2020-05-13 20:00:00;22375.7;15021.5;22375.7;33.5
2020-05-13 21:00:00;21877.4;14306.6;21877.4;29.87
2020-05-13 22:00:00;20724.8;14373.8;20724.8;23.91
2020-05-13 23:00:00;21812.3;15466.2;21812.3;20.06
2020-05-16 00:00:00;21889.5;13168.1;21889.5;20.0
2020-05-16 01:00:00;22258.6;13171.0;22258.6;18.14
2020-05-16 02:00:00;21958.6;12421.8;21958.6;17.08
2020-05-16 03:00:00;21318.4;12009.1;21318.4;16.43
2020-05-16 04:00:00;21429.5;12479.6;21429.5;14.95
2020-05-16 05:00:00;21550.0;12591.3;21550.0;14.54
2020-05-16 06:00:00;22208.6;13579.9;22208.6;14.94
2020-05-16 07:00:00;22058.3;15678.0;22058.3;16.0
2020-05-16 08:00:00;23523.0;20308.4;23523.0;15.71
2020-05-16 09:00:00;25252.4;24184.3;25252.4;13.39
2020-05-16 10:00:00;27093.3;27914.1;27914.1;10.08
2020-05-16 11:00:00;27628.1;29548.8;29548.8;10.85
2020-05-16 12:00:00;27039.7;29977.6;29977.6;13.27
2020-05-16 13:00:00;26653.4;29800.7;29800.7;11.86
2020-05-16 14:00:00;26122.7;28222.1;28222.1;8.87
2020-05-16 15:00:00;25203.8;26527.6;26527.6;11.24
2020-05-16 16:00:00;24933.3;23623.2;24933.3;11.03
2020-05-16 17:00:00;24686.2;19408.5;24686.2;14.5
2020-05-16 18:00:00;23539.7;15665.3;23539.7;20.39
2020-05-16 19:00:00;22972.8;14447.3;22972.8;26.09
2020-05-16 20:00:00;22294.6;13804.6;22294.6;28.58
2020-05-16 21:00:00;21391.8;12457.3;21391.8;29.42
2020-05-16 22:00:00;20874.9;12436.1;20874.9;26.5
2020-05-16 23:00:00;20448.7;12798.5;20448.7;23.08
2020-05-17 00:00:00;24317.7;15343.9;24317.7;18.93
2020-05-17 01:00:00;24197.3;15711.3;24197.3;17.79
2020-05-17 02:00:00;24483.8;15787.7;24483.8;15.15
2020-05-17 03:00:00;24469.2;15921.3;24469.2;13.66
2020-05-17 04:00:00;24225.9;16024.9;24225.9;11.89
2020-05-17 05:00:00;23894.3;16467.3;23894.3;12.62
2020-05-17 06:00:00;23712.5;17406.1;23712.5;8.52
2020-05-17 07:00:00;23326.0;19122.6;23326.0;11.9
2020-05-17 08:00:00;24478.8;22978.9;24478.8;11.61
2020-05-17 09:00:00;25042.3;28137.5;28137.5;8.08
2020-05-17 10:00:00;25791.5;32121.2;32121.2;1.97
2020-05-17 11:00:00;25938.9;33371.4;33371.4;0.08
2020-05-17 12:00:00;27046.9;35584.4;35584.4;0.96
2020-05-17 13:00:00;27078.7;35804.2;35804.2;-5.19
2020-05-17 14:00:00;26963.9;34023.7;34023.7;-16.76
2020-05-17 15:00:00;27120.4;32274.2;32274.2;-14.9
2020-05-17 16:00:00;26345.2;29301.5;29301.5;-2.06
2020-05-17 17:00:00;24677.8;24074.5;24677.8;6.41
2020-05-17 18:00:00;25581.0;20074.0;25581.0;16.05
2020-05-17 19:00:00;24818.6;17874.2;24818.6;20.51
2020-05-17 20:00:00;22645.3;14324.3;22645.3;22.18
2020-05-17 21:00:00;23209.8;14372.1;23209.8;23.95
2020-05-17 22:00:00;23152.2;15008.1;23152.2;23.22
2020-05-17 23:00:00;22967.4;15414.8;22967.4;20.54
2020-05-18 00:00:00;19790.4;12807.7;19790.4;18.0
2020-05-18 01:00:00;20849.6;12844.3;20849.6;15.54
2020-05-18 02:00:00;21584.2;12864.8;21584.2;14.01
2020-05-18 03:00:00;21389.7;12896.0;21389.7;12.95
2020-05-18 04:00:00;21516.7;12557.3;21516.7;13.97
2020-05-18 05:00:00;20949.3;10967.7;20949.3;17.98
2020-05-18 06:00:00;20315.1;11397.7;20315.1;24.96
2020-05-18 07:00:00;23192.3;15453.5;23192.3;27.94
2020-05-18 08:00:00;25562.8;20360.0;25562.8;29.91
2020-05-18 09:00:00;26791.8;23925.8;26791.8;22.96
2020-05-18 10:00:00;28888.5;27744.1;28888.5;18.91
2020-05-18 11:00:00;30517.2;29226.2;30517.2;16.9
2020-05-18 12:00:00;31533.6;31024.4;31533.6;15.36
2020-05-18 13:00:00;31249.5;31406.4;31406.4;14.04
2020-05-18 14:00:00;31109.0;29943.0;31109.0;13.26
2020-05-18 15:00:00;31188.8;28018.7;31188.8;12.85
2020-05-18 16:00:00;31164.3;25225.1;31164.3;13.44
2020-05-18 17:00:00;28865.3;21605.7;28865.3;19.07
2020-05-18 18:00:00;26016.1;17793.7;26016.1;22.81
2020-05-18 19:00:00;25439.1;14997.3;25439.1;25.95
2020-05-18 20:00:00;21807.1;12456.3;21807.1;31.9
2020-05-18 21:00:00;21039.5;11726.7;21039.5;26.08
2020-05-18 22:00:00;20864.9;11645.7;20864.9;23.99
2020-05-18 23:00:00;19967.7;11673.8;19967.7;21.04
2020-05-19 00:00:00;22272.1;11096.0;22272.1;17.05
2020-05-19 01:00:00;24481.1;11823.9;24481.1;16.13
2020-05-19 02:00:00;24304.1;12196.1;24304.1;16.16
2020-05-19 03:00:00;24166.3;11896.1;24166.3;15.74
2020-05-19 04:00:00;23507.2;11598.4;23507.2;17.01
2020-05-19 05:00:00;22033.1;11309.0;22033.1;18.53
2020-05-19 06:00:00;21038.2;11694.8;21038.2;22.26
2020-05-19 07:00:00;22700.3;15760.2;22700.3;26.04
2020-05-19 08:00:00;25617.3;20181.5;25617.3;28.18
2020-05-19 09:00:00;26702.7;22825.8;26702.7;22.96
2020-05-19 10:00:00;28643.5;26186.6;28643.5;20.07
2020-05-19 11:00:00;30394.5;27906.5;30394.5;20.13
2020-05-19 12:00:00;30861.0;29149.6;30861.0;19.31
2020-05-19 13:00:00;30310.4;29634.0;30310.4;18.19
2020-05-19 14:00:00;30467.7;28933.7;30467.7;17.71
2020-05-19 15:00:00;30169.5;27267.1;30169.5;17.82
2020-05-19 16:00:00;30259.7;25047.7;30259.7;19.03
2020-05-19 17:00:00;27605.4;21100.8;27605.4;22.14
2020-05-19 18:00:00;25961.4;18574.6;25961.4;28.67
2020-05-19 19:00:00;26486.2;17233.8;26486.2;42.65
2020-05-19 20:00:00;21688.9;14759.7;21688.9;49.98
2020-05-19 21:00:00;21138.7;14133.3;21138.7;40.48
2020-05-19 22:00:00;19267.3;12072.9;19267.3;29.07
2020-05-19 23:00:00;19062.2;11774.9;19062.2;23.18
2020-05-20 00:00:00;21110.3;11894.5;21110.3;21.24
2020-05-20 01:00:00;21944.7;12382.6;21944.7;22.35
2020-05-20 02:00:00;22650.6;13065.6;22650.6;21.58
2020-05-20 03:00:00;22180.1;12598.4;22180.1;21.56
2020-05-20 04:00:00;22029.8;12285.6;22029.8;20.67
2020-05-20 05:00:00;20452.2;11087.2;20452.2;23.25
2020-05-20 06:00:00;22558.9;12700.3;22558.9;44.83
2020-05-20 07:00:00;24567.4;16518.0;24567.4;56.69
2020-05-20 08:00:00;28162.4;20716.3;28162.4;57.0
2020-05-20 09:00:00;29267.7;22818.5;29267.7;34.31
2020-05-20 10:00:00;30337.0;25258.8;30337.0;28.72
2020-05-20 11:00:00;30787.2;26404.3;30787.2;30.55
2020-05-20 12:00:00;30811.4;27451.1;30811.4;28.09
2020-05-20 13:00:00;30001.1;27463.5;30001.1;23.43
2020-05-20 14:00:00;30000.2;27080.9;30000.2;22.93
2020-05-20 15:00:00;30180.4;26078.6;30180.4;23.06
2020-05-20 16:00:00;29242.4;24246.4;29242.4;23.24
2020-05-20 17:00:00;28442.4;21557.0;28442.4;25.63
2020-05-20 18:00:00;27741.3;18154.9;27741.3;33.97
2020-05-20 19:00:00;27667.6;16666.3;27667.6;44.58
2020-05-20 20:00:00;22977.3;13645.9;22977.3;56.3
2020-05-20 21:00:00;22917.7;13249.1;22917.7;46.9
2020-05-20 22:00:00;20544.7;12323.0;20544.7;35.42
2020-05-20 23:00:00;21211.5;12633.5;21211.5;22.94
2020-05-21 00:00:00;19774.8;10903.2;19774.8;21.37
2020-05-21 01:00:00;19947.4;10494.6;19947.4;20.01
2020-05-21 02:00:00;20663.1;10965.5;20663.1;17.29
2020-05-21 03:00:00;21114.8;11113.1;21114.8;16.74
2020-05-21 04:00:00;21163.7;10612.8;21163.7;16.84
2020-05-21 05:00:00;21463.5;10995.9;21463.5;16.18
2020-05-21 06:00:00;21798.7;11979.4;21798.7;17.85
2020-05-21 07:00:00;22839.0;14192.5;22839.0;19.77
2020-05-21 08:00:00;26931.9;22442.5;26931.9;19.56
2020-05-21 09:00:00;27689.1;26720.1;27689.1;16.12
2020-05-21 10:00:00;28349.1;30680.5;30680.5;14.82
2020-05-21 11:00:00;29250.1;33426.1;33426.1;14.92
2020-05-21 12:00:00;29032.0;34582.5;34582.5;14.81
2020-05-21 13:00:00;29064.4;34453.0;34453.0;13.29
2020-05-21 14:00:00;28771.5;33198.1;33198.1;12.14
2020-05-21 15:00:00;28506.2;30789.4;30789.4;13.9
2020-05-21 16:00:00;27266.4;26829.0;27266.4;15.47
2020-05-21 17:00:00;27455.4;23323.9;27455.4;18.0
2020-05-21 18:00:00;25517.8;18853.8;25517.8;22.09
2020-05-21 19:00:00;25431.1;17411.7;25431.1;29.66
2020-05-21 20:00:00;21421.2;13866.5;21421.2;42.66
2020-05-21 21:00:00;21192.6;13611.8;21192.6;29.52
2020-05-21 22:00:00;19819.8;13274.0;19819.8;24.12
2020-05-21 23:00:00;19514.7;14139.2;19514.7;22.78
2020-05-22 00:00:00;21320.5;13807.0;21320.5;20.0
2020-05-22 01:00:00;21908.4;13944.5;21908.4;17.03
2020-05-22 02:00:00;22117.6;14366.7;22117.6;15.5
2020-05-22 03:00:00;22673.9;13865.4;22673.9;14.02
2020-05-22 04:00:00;22199.8;13476.2;22199.8;14.15
2020-05-22 05:00:00;23108.4;13108.4;23108.4;15.75
2020-05-22 06:00:00;22237.5;13719.1;22237.5;20.83
2020-05-22 07:00:00;24062.0;15490.6;24062.0;21.94
2020-05-22 08:00:00;27324.0;20398.6;27324.0;21.92
2020-05-22 09:00:00;28251.4;24111.3;28251.4;21.2
2020-05-22 10:00:00;29566.1;25762.8;29566.1;16.49
2020-05-22 11:00:00;29690.3;26048.9;29690.3;14.59
2020-05-22 12:00:00;29506.6;26525.2;29506.6;14.69
2020-05-22 13:00:00;29501.6;26024.8;29501.6;14.57
2020-05-22 14:00:00;29059.7;24244.8;29059.7;16.09
2020-05-22 15:00:00;27582.8;22237.1;27582.8;17.27
2020-05-22 16:00:00;27762.4;19719.0;27762.4;18.35
2020-05-22 17:00:00;26183.4;17391.6;26183.4;22.07
2020-05-22 18:00:00;25323.2;15039.8;25323.2;22.98
2020-05-22 19:00:00;25609.2;14739.2;25609.2;23.71
2020-05-22 20:00:00;21826.8;12904.4;21826.8;23.35
2020-05-22 21:00:00;21951.3;12497.6;21951.3;22.2
2020-05-22 22:00:00;20860.7;13067.7;20860.7;22.81
2020-05-22 23:00:00;21213.9;13736.5;21213.9;20.47
2020-05-23 00:00:00;23046.9;12488.4;23046.9;14.01
2020-05-23 01:00:00;23284.9;13124.5;23284.9;11.48
2020-05-23 02:00:00;23065.3;13189.3;23065.3;10.87
2020-05-23 03:00:00;23254.9;13260.6;23254.9;8.72
2020-05-23 04:00:00;23271.8;13039.4;23271.8;9.37
2020-05-23 05:00:00;23258.1;12832.1;23258.1;9.5
2020-05-23 06:00:00;23786.4;13192.4;23786.4;12.37
2020-05-23 07:00:00;23434.0;12936.2;23434.0;15.07
2020-05-23 08:00:00;24521.4;14957.8;24521.4;16.57
2020-05-23 09:00:00;25056.9;15792.2;25056.9;16.72
2020-05-23 10:00:00;26042.7;17111.9;26042.7;15.53
2020-05-23 11:00:00;26926.6;18504.6;26926.6;12.63
2020-05-23 12:00:00;26215.3;20107.3;26215.3;12.7
2020-05-23 13:00:00;26810.1;20479.5;26810.1;4.64
2020-05-23 14:00:00;26721.3;20792.3;26721.3;0.01
2020-05-23 15:00:00;26644.5;20612.8;26644.5;-0.94
2020-05-23 16:00:00;26749.7;19621.1;26749.7;-0.38
2020-05-23 17:00:00;25758.9;17781.2;25758.9;0.75
2020-05-23 18:00:00;26290.7;16511.5;26290.7;8.01
2020-05-23 19:00:00;25548.0;14031.1;25548.0;12.2
2020-05-23 20:00:00;24627.3;13315.6;24627.3;14.04
2020-05-23 21:00:00;24248.3;12935.7;24248.3;13.94
2020-05-23 22:00:00;23445.4;13548.3;23445.4;14.56
2020-05-23 23:00:00;22465.9;14841.4;22465.9;13.99
2020-05-24 00:00:00;24210.9;16421.4;24210.9;0.03
2020-05-24 01:00:00;24696.6;17663.0;24696.6;-2.44
2020-05-24 02:00:00;24974.2;17799.7;24974.2;-8.77
2020-05-24 03:00:00;25107.8;17880.5;25107.8;-20.01
2020-05-24 04:00:00;26024.2;17578.2;26024.2;-20.37
2020-05-24 05:00:00;25859.7;17774.5;25859.7;-24.65
2020-05-24 06:00:00;25464.9;17683.1;25464.9;-30.98
2020-05-24 07:00:00;25165.7;19347.3;25165.7;-25.0
2020-05-24 08:00:00;26084.2;22565.3;26084.2;-26.97
2020-05-24 09:00:00;26838.1;26102.2;26838.1;-39.46
2020-05-24 10:00:00;27774.8;28986.9;28986.9;-63.04
2020-05-24 11:00:00;28477.7;30323.0;30323.0;-63.06
2020-05-24 12:00:00;28252.6;30803.3;30803.3;-70.04
2020-05-24 13:00:00;27950.3;30688.4;30688.4;-74.97
2020-05-24 14:00:00;27212.4;29263.5;29263.5;-74.97
2020-05-24 15:00:00;27804.1;27646.1;27804.1;-69.99
2020-05-24 16:00:00;27176.8;24865.8;27176.8;-57.74
2020-05-24 17:00:00;25739.2;21781.1;25739.2;-16.98
2020-05-24 18:00:00;26097.3;19157.0;26097.3;1.54
2020-05-24 19:00:00;26425.2;16737.8;26425.2;8.03
2020-05-24 20:00:00;26343.6;14834.9;26343.6;14.0
2020-05-24 21:00:00;26318.0;14023.8;26318.0;14.39
2020-05-24 22:00:00;26293.1;14491.5;26293.1;16.31
2020-05-24 23:00:00;25708.0;15579.7;25708.0;8.0
2020-05-25 00:00:00;21527.8;13479.7;21527.8;13.01
2020-05-25 01:00:00;21590.2;14265.9;21590.2;12.03
2020-05-25 02:00:00;21700.4;14184.3;21700.4;8.03
2020-05-25 03:00:00;21884.3;14494.5;21884.3;7.59
2020-05-25 04:00:00;21721.8;13782.4;21721.8;7.73
2020-05-25 05:00:00;21310.4;11730.5;21310.4;9.99
2020-05-25 06:00:00;23112.3;11543.2;23112.3;16.02
2020-05-25 07:00:00;24300.4;13146.3;24300.4;21.09
2020-05-25 08:00:00;28496.1;17990.6;28496.1;22.06
2020-05-25 09:00:00;30139.0;20910.1;30139.0;20.92
2020-05-25 10:00:00;31292.9;23644.1;31292.9;20.0
2020-05-25 11:00:00;31684.8;24907.5;31684.8;20.94
2020-05-25 12:00:00;32336.1;26021.7;32336.1;17.5
2020-05-25 13:00:00;33056.0;27268.4;33056.0;15.47
2020-05-25 14:00:00;33191.2;27137.6;33191.2;14.38
2020-05-25 15:00:00;33099.1;26224.6;33099.1;14.0
2020-05-25 16:00:00;32119.0;24379.1;32119.0;15.75
2020-05-25 17:00:00;30801.7;22313.0;30801.7;18.9
2020-05-25 18:00:00;28360.9;19054.7;28360.9;23.53
2020-05-25 19:00:00;28313.9;16172.1;28313.9;26.08
2020-05-25 20:00:00;23850.5;12108.4;23850.5;38.32
2020-05-25 21:00:00;22684.0;11628.6;22684.0;34.35
2020-05-25 22:00:00;21793.8;11200.7;21793.8;26.25
2020-05-25 23:00:00;21489.0;11264.7;21489.0;23.19
2020-05-26 00:00:00;20441.9;12511.9;20441.9;21.1
2020-05-26 01:00:00;21813.4;13085.3;21813.4;22.63
2020-05-26 02:00:00;21510.0;13376.4;21510.0;21.41
2020-05-26 03:00:00;21000.0;13286.9;21000.0;21.49
2020-05-26 04:00:00;19865.9;12847.1;19865.9;22.65
2020-05-26 05:00:00;19457.6;11707.7;19457.6;22.72
2020-05-26 06:00:00;21158.1;13652.8;21158.1;34.94
2020-05-26 07:00:00;23025.9;16582.7;23025.9;40.05
2020-05-26 08:00:00;25962.2;20737.4;25962.2;34.65
2020-05-26 09:00:00;26689.3;24358.9;26689.3;24.21
2020-05-26 10:00:00;28206.8;27258.6;28206.8;22.59
2020-05-26 11:00:00;29505.4;28833.5;29505.4;21.97
2020-05-26 12:00:00;29818.2;29892.4;29892.4;21.0
2020-05-26 13:00:00;30152.8;30328.8;30328.8;19.75
2020-05-26 14:00:00;30042.5;29736.6;30042.5;19.98
2020-05-26 15:00:00;29314.3;28306.8;29314.3;20.91
2020-05-26 16:00:00;27584.6;25549.0;27584.6;21.0
2020-05-26 17:00:00;25499.8;21878.4;25499.8;24.2
2020-05-26 18:00:00;25452.5;18097.8;25452.5;31.29
2020-05-26 19:00:00;24264.0;15497.8;24264.0;47.9
2020-05-26 20:00:00;21520.5;14368.1;21520.5;50.15
2020-05-26 21:00:00;20637.0;13244.9;20637.0;35.95
2020-05-26 22:00:00;19994.3;12655.7;19994.3;31.51
2020-05-26 23:00:00;19914.3;13420.8;19914.3;24.15
2020-05-27 00:00:00;18836.6;10947.6;18836.6;23.15
2020-05-27 01:00:00;20637.6;11266.1;20637.6;21.68
2020-05-27 02:00:00;20696.1;11614.8;20696.1;21.4
2020-05-27 03:00:00;20600.2;11865.5;20600.2;21.92
2020-05-27 04:00:00;20496.8;11697.5;20496.8;21.99
2020-05-27 05:00:00;20954.8;11519.6;20954.8;22.54
2020-05-27 06:00:00;21897.4;12154.2;21897.4;26.05
2020-05-27 07:00:00;23730.1;14884.2;23730.1;31.94
2020-05-27 08:00:00;26663.9;19965.5;26663.9;26.85
2020-05-27 09:00:00;26815.8;24280.3;26815.8;24.1
2020-05-27 10:00:00;30039.8;27986.4;30039.8;21.16
2020-05-27 11:00:00;29933.1;29541.0;29933.1;23.08
2020-05-27 12:00:00;30916.7;29799.2;30916.7;22.04
2020-05-27 13:00:00;30786.1;29526.7;30786.1;20.71
2020-05-27 14:00:00;30706.8;28005.1;30706.8;20.0
2020-05-27 15:00:00;30349.1;25936.9;30349.1;19.99
2020-05-27 16:00:00;29653.9;22689.0;29653.9;19.65
2020-05-27 17:00:00;27878.6;19485.1;27878.6;21.4
2020-05-27 18:00:00;27112.3;15938.6;27112.3;22.76
2020-05-27 19:00:00;26374.5;13320.9;26374.5;24.92
2020-05-27 20:00:00;22424.4;10574.6;22424.4;25.54
2020-05-27 21:00:00;21527.0;10109.8;21527.0;23.99
2020-05-27 22:00:00;20918.8;10235.2;20918.8;22.65
2020-05-27 23:00:00;20844.6;10706.3;20844.6;20.02
2020-05-28 00:00:00;21535.0;10575.9;21535.0;18.09
2020-05-28 01:00:00;22325.8;10989.8;22325.8;16.31
2020-05-28 02:00:00;21768.4;11311.2;21768.4;16.2
2020-05-28 03:00:00;21782.0;11338.1;21782.0;15.92
2020-05-28 04:00:00;20938.1;10731.9;20938.1;16.16
2020-05-28 05:00:00;21083.6;9976.3;21083.6;18.03
2020-05-28 06:00:00;20833.1;11283.3;20833.1;22.94
2020-05-28 07:00:00;22101.1;14645.1;22101.1;25.55
2020-05-28 08:00:00;25772.9;18985.3;25772.9;25.16
2020-05-28 09:00:00;27184.0;22994.8;27184.0;22.99
2020-05-28 10:00:00;28350.0;25822.3;28350.0;20.15
2020-05-28 11:00:00;29291.1;27221.3;29291.1;18.95
2020-05-28 12:00:00;29739.5;28941.6;29739.5;18.0
2020-05-28 13:00:00;30564.5;30389.0;30564.5;17.03
2020-05-28 14:00:00;30905.7;29933.7;30905.7;16.9
2020-05-28 15:00:00;30464.9;28335.4;30464.9;16.19
2020-05-28 16:00:00;30304.0;25965.4;30304.0;15.48
2020-05-28 17:00:00;28537.0;22047.9;28537.0;19.99
2020-05-28 18:00:00;26303.9;17979.1;26303.9;22.99
2020-05-28 19:00:00;25112.8;16008.5;25112.8;26.15
2020-05-28 20:00:00;20545.9;12067.7;20545.9;26.11
2020-05-28 21:00:00;19629.5;11236.9;19629.5;27.16
2020-05-28 22:00:00;18430.5;10587.3;18430.5;25.05
2020-05-28 23:00:00;19708.9;11355.1;19708.9;22.39
2020-05-29 00:00:00;21797.3;11469.0;21797.3;19.42
2020-05-29 01:00:00;23033.2;11186.6;23033.2;18.88
2020-05-29 02:00:00;22826.6;11402.7;22826.6;18.22
2020-05-29 03:00:00;22995.3;11688.0;22995.3;19.07
2020-05-29 04:00:00;21988.8;11446.5;21988.8;19.43
2020-05-29 05:00:00;20915.3;11981.6;20915.3;22.36
2020-05-29 06:00:00;21364.8;13295.7;21364.8;27.92
2020-05-29 07:00:00;23320.5;16600.2;23320.5;37.2
2020-05-29 08:00:00;26818.0;22083.2;26818.0;30.92
2020-05-29 09:00:00;27182.3;26122.9;27182.3;24.4
2020-05-29 10:00:00;29641.1;29146.3;29641.1;22.35
2020-05-29 11:00:00;31905.5;30424.2;31905.5;20.68
2020-05-29 12:00:00;32713.6;31397.5;32713.6;19.91
2020-05-29 13:00:00;33382.2;31372.1;33382.2;19.04
2020-05-29 14:00:00;33694.5;30555.9;33694.5;16.15
2020-05-29 15:00:00;33288.5;28814.9;33288.5;17.3
2020-05-29 16:00:00;32153.7;26109.3;32153.7;18.1
2020-05-29 17:00:00;28198.2;22587.1;28198.2;22.85
2020-05-29 18:00:00;26807.6;19338.1;26807.6;25.68
2020-05-29 19:00:00;25725.8;16394.0;25725.8;26.49
2020-05-29 20:00:00;21180.9;12922.1;21180.9;25.79
2020-05-29 21:00:00;20300.8;11659.2;20300.8;25.97
2020-05-29 22:00:00;19757.9;12815.7;19757.9;24.16
2020-05-29 23:00:00;20646.6;12923.7;20646.6;22.32
2020-05-30 00:00:00;21000.6;13729.5;21000.6;18.27
2020-05-30 01:00:00;21411.7;12778.4;21411.7;15.55
2020-05-30 02:00:00;21852.0;13239.3;21852.0;15.06
2020-05-30 03:00:00;21494.4;13332.9;21494.4;15.0
2020-05-30 04:00:00;21363.7;13387.0;21363.7;14.55
2020-05-30 05:00:00;21777.4;13667.9;21777.4;15.0
2020-05-30 06:00:00;22303.5;14292.5;22303.5;14.4
2020-05-30 07:00:00;23031.9;16914.2;23031.9;15.04
2020-05-30 08:00:00;23107.7;19995.9;23107.7;13.0
2020-05-30 09:00:00;23822.4;24166.1;24166.1;12.0
2020-05-30 10:00:00;24572.4;26723.0;26723.0;9.33
2020-05-30 11:00:00;24883.4;28360.0;28360.0;7.17
2020-05-30 12:00:00;25039.0;28660.2;28660.2;9.44
2020-05-30 13:00:00;24715.5;28220.7;28220.7;4.8
2020-05-30 14:00:00;24524.1;26854.4;26854.4;2.61
2020-05-30 15:00:00;24052.4;24892.2;24892.2;2.17
2020-05-30 16:00:00;23843.7;22716.6;23843.7;4.61
2020-05-30 17:00:00;22890.8;19901.1;22890.8;9.06
2020-05-30 18:00:00;21922.5;16708.4;21922.5;15.33
2020-05-30 19:00:00;21464.4;14106.7;21464.4;17.58
2020-05-30 20:00:00;21536.6;13607.2;21536.6;17.46
2020-05-30 21:00:00;20973.6;13090.2;20973.6;18.28
2020-05-30 22:00:00;20313.7;13227.2;20313.7;17.91
2020-05-30 23:00:00;20364.0;15056.9;20364.0;17.26
2020-05-31 00:00:00;19424.3;13362.1;19424.3;11.88
2020-05-31 01:00:00;19722.7;14011.5;19722.7;11.6
2020-05-31 02:00:00;19859.7;14267.9;19859.7;11.76
2020-05-31 03:00:00;19829.8;14109.7;19829.8;11.09
2020-05-31 04:00:00;19342.5;13868.0;19342.5;8.83
2020-05-31 05:00:00;19545.8;14559.5;19545.8;7.15
2020-05-31 06:00:00;19657.1;15037.1;19657.1;5.56
2020-05-31 07:00:00;19787.7;16369.2;19787.7;6.12
2020-05-31 08:00:00;20312.0;20180.3;20312.0;2.58
2020-05-31 09:00:00;20593.9;24388.7;24388.7;2.7
2020-05-31 10:00:00;21946.0;27404.2;27404.2;0.1
2020-05-31 11:00:00;22694.0;29373.8;29373.8;1.05
2020-05-31 12:00:00;23023.6;31329.3;31329.3;0.85
2020-05-31 13:00:00;23379.2;31501.5;31501.5;-7.68
2020-05-31 14:00:00;23495.5;30117.6;30117.6;-35.51
2020-05-31 15:00:00;23237.3;28600.6;28600.6;-45.05
2020-05-31 16:00:00;21805.3;26674.3;26674.3;-20.22
2020-05-31 17:00:00;20829.6;23124.4;23124.4;-0.1
2020-05-31 18:00:00;21505.3;19694.3;21505.3;4.98
2020-05-31 19:00:00;20675.8;17345.3;20675.8;12.54
2020-05-31 20:00:00;19669.1;15964.0;19669.1;12.57
2020-05-31 21:00:00;20678.2;16124.6;20678.2;13.38
2020-05-31 22:00:00;20287.9;16463.3;20287.9;12.59
2020-05-31 23:00:00;19701.8;15591.8;19701.8;11.1
2020-06-01 00:00:00;20366.6;18404.5;20366.6;8.15
2020-06-01 01:00:00;20550.2;18165.6;20550.2;8.93
2020-06-01 02:00:00;20342.3;17663.3;20342.3;9.8
2020-06-01 03:00:00;20348.7;17528.1;20348.7;6.07
2020-06-01 04:00:00;20450.7;17038.6;20450.7;4.07
2020-06-01 05:00:00;20731.5;16904.8;20731.5;5.77
2020-06-01 06:00:00;21503.1;17129.4;21503.1;7.31
2020-06-01 07:00:00;21916.8;19415.5;21916.8;10.05
2020-06-01 08:00:00;27432.0;27266.9;27432.0;10.96
2020-06-01 09:00:00;27298.6;32250.1;32250.1;9.17
2020-06-01 10:00:00;28012.5;36702.4;36702.4;4.01
2020-06-01 11:00:00;28243.7;39439.2;39439.2;1.71
2020-06-01 12:00:00;28875.3;41967.7;41967.7;3.04
2020-06-01 13:00:00;29042.4;41677.6;41677.6;-20.51
2020-06-01 14:00:00;29270.6;40669.7;40669.7;-48.17
2020-06-01 15:00:00;28523.6;39121.4;39121.4;-15.47
2020-06-01 16:00:00;28226.6;36236.4;36236.4;0.47
2020-06-01 17:00:00;28274.7;30036.7;30036.7;11.53
2020-06-01 18:00:00;28191.1;24329.6;28191.1;16.57
2020-06-01 19:00:00;26846.4;21050.8;26846.4;22.0
2020-06-01 20:00:00;22515.2;18319.3;22515.2;23.05
2020-06-01 21:00:00;22658.3;17818.2;22658.3;22.91
2020-06-01 22:00:00;22483.7;18311.3;22483.7;23.37
2020-06-01 23:00:00;22159.0;17197.2;22159.0;20.9
2020-06-02 00:00:00;21412.7;14499.2;21412.7;18.08
2020-06-02 01:00:00;21810.1;14286.3;21810.1;16.33
2020-06-02 02:00:00;21297.4;13810.0;21297.4;14.99
2020-06-02 03:00:00;21491.9;13374.2;21491.9;14.65
2020-06-02 04:00:00;21279.8;13248.8;21279.8;15.92
2020-06-02 05:00:00;21348.1;12672.1;21348.1;19.96
2020-06-02 06:00:00;21365.1;13329.7;21365.1;29.37
2020-06-02 07:00:00;23756.6;17241.8;23756.6;47.66
2020-06-02 08:00:00;27863.4;23365.7;27863.4;42.29
2020-06-02 09:00:00;28592.3;28466.1;28592.3;24.1
2020-06-02 10:00:00;30330.3;32136.3;32136.3;21.86
2020-06-02 11:00:00;31826.5;34029.6;34029.6;21.45
2020-06-02 12:00:00;31902.4;35553.9;35553.9;20.91
2020-06-02 13:00:00;32127.5;35863.7;35863.7;19.54
2020-06-02 14:00:00;31680.4;34655.0;34655.0;19.02
2020-06-02 15:00:00;31307.2;32403.5;32403.5;18.06
2020-06-02 16:00:00;31405.5;30564.2;31405.5;20.09
2020-06-02 17:00:00;30107.8;26368.5;30107.8;26.02
2020-06-02 18:00:00;29535.5;21600.2;29535.5;41.7
2020-06-02 19:00:00;29039.1;18917.2;29039.1;53.65
2020-06-02 20:00:00;24854.5;16401.1;24854.5;60.75
2020-06-02 21:00:00;23800.8;15688.6;23800.8;49.95
2020-06-02 22:00:00;21732.2;13551.9;21732.2;37.92
2020-06-02 23:00:00;20941.4;14176.9;20941.4;25.92
2020-06-03 00:00:00;20202.7;14404.9;20202.7;25.54
2020-06-03 01:00:00;21124.9;14313.3;21124.9;24.0
2020-06-03 02:00:00;20864.9;13786.5;20864.9;22.72
2020-06-03 03:00:00;21779.6;13611.1;21779.6;20.87
2020-06-03 04:00:00;22273.0;13466.5;22273.0;20.24
2020-06-03 05:00:00;21428.6;12908.3;21428.6;21.17
2020-06-03 06:00:00;21484.5;14670.5;21484.5;31.82
2020-06-03 07:00:00;23528.3;18534.8;23528.3;51.41
2020-06-03 08:00:00;28250.5;23538.0;28250.5;36.06
2020-06-03 09:00:00;27576.0;26364.4;27576.0;31.07
2020-06-03 10:00:00;28405.0;28987.2;28987.2;28.72
2020-06-03 11:00:00;28494.8;30896.9;30896.9;28.0
2020-06-03 12:00:00;29359.9;32551.1;32551.1;27.23
2020-06-03 13:00:00;28884.4;32224.3;32224.3;25.27
2020-06-03 14:00:00;27952.7;30815.7;30815.7;25.58
2020-06-03 15:00:00;28230.2;28984.0;28984.0;26.04
2020-06-03 16:00:00;27814.6;26542.2;27814.6;25.78
2020-06-03 17:00:00;27182.4;23290.2;27182.4;26.18
2020-06-03 18:00:00;27329.7;21115.8;27329.7;29.68
2020-06-03 19:00:00;26683.0;18954.1;26683.0;40.17
2020-06-03 20:00:00;23414.5;16815.5;23414.5;40.1
2020-06-03 21:00:00;22501.9;15625.4;22501.9;32.6
2020-06-03 22:00:00;21978.9;15525.0;21978.9;27.91
2020-06-03 23:00:00;20614.6;14424.6;20614.6;23.99
2020-06-04 00:00:00;21697.2;13757.1;21697.2;22.17
2020-06-04 01:00:00;22508.2;14105.9;22508.2;20.98
2020-06-04 02:00:00;22425.0;13462.5;22425.0;19.61
2020-06-04 03:00:00;22203.3;12928.1;22203.3;20.15
2020-06-04 04:00:00;22134.9;13467.4;22134.9;20.36
2020-06-04 05:00:00;21488.9;13411.1;21488.9;23.83
2020-06-04 06:00:00;21994.2;14623.2;21994.2;28.13
2020-06-04 07:00:00;23704.3;17147.6;23704.3;33.64
2020-06-04 08:00:00;26469.6;19542.9;26469.6;43.97
2020-06-04 09:00:00;26677.9;21542.4;26677.9;33.25
2020-06-04 10:00:00;26552.6;22813.0;26552.6;31.82
2020-06-04 11:00:00;26927.3;23378.7;26927.3;31.77
2020-06-04 12:00:00;26724.5;23290.3;26724.5;30.5
2020-06-04 13:00:00;26732.5;22592.5;26732.5;28.93
2020-06-04 14:00:00;26473.5;21092.9;26473.5;26.13
2020-06-04 15:00:00;26621.8;20030.8;26621.8;26.0
2020-06-04 16:00:00;26280.4;18409.0;26280.4;25.7
2020-06-04 17:00:00;26164.1;17222.6;26164.1;26.38
2020-06-04 18:00:00;25516.2;14926.2;25516.2;28.2
2020-06-04 19:00:00;27815.5;15323.1;27815.5;26.07
2020-06-04 20:00:00;24233.1;14279.7;24233.1;25.0
2020-06-04 21:00:00;22309.3;13283.1;22309.3;23.94
2020-06-04 22:00:00;20684.6;12644.7;20684.6;22.69
2020-06-04 23:00:00;21705.0;13351.1;21705.0;18.04
2020-06-05 00:00:00;23564.0;14845.6;23564.0;17.25
2020-06-05 01:00:00;24117.8;15599.4;24117.8;16.8
2020-06-05 02:00:00;24638.2;15288.5;24638.2;17.06
2020-06-05 03:00:00;24747.1;14678.6;24747.1;15.99
2020-06-05 04:00:00;24795.5;14095.2;24795.5;15.61
2020-06-05 05:00:00;24846.4;13409.1;24846.4;17.09
2020-06-05 06:00:00;24831.3;14766.0;24831.3;24.41
2020-06-05 07:00:00;26500.3;17800.2;26500.3;28.96
2020-06-05 08:00:00;29859.2;20652.3;29859.2;37.07
2020-06-05 09:00:00;30450.6;22670.0;30450.6;33.07
2020-06-05 10:00:00;31049.5;24456.8;31049.5;28.4
2020-06-05 11:00:00;31080.2;24958.4;31080.2;31.42
2020-06-05 12:00:00;31537.0;26334.6;31537.0;26.43
2020-06-05 13:00:00;31035.8;26705.7;31035.8;24.0
2020-06-05 14:00:00;31326.8;25761.5;31326.8;22.5
2020-06-05 15:00:00;30948.3;24678.5;30948.3;23.02
2020-06-05 16:00:00;30129.3;23901.5;30129.3;23.6
2020-06-05 17:00:00;29349.6;21858.5;29349.6;25.65
2020-06-05 18:00:00;28404.6;20832.0;28404.6;27.91
2020-06-05 19:00:00;28025.2;19615.5;28025.2;27.99
2020-06-05 20:00:00;24628.2;17988.2;24628.2;27.03
2020-06-05 21:00:00;24308.3;17433.9;24308.3;25.89
2020-06-05 22:00:00;23529.2;16588.3;23529.2;25.89
2020-06-05 23:00:00;24028.5;16652.4;24028.5;20.16
2020-06-06 00:00:00;23565.6;20635.6;23565.6;7.69
2020-06-06 01:00:00;23420.3;20593.6;23420.3;1.46
2020-06-06 02:00:00;23206.9;20114.2;23206.9;-0.09
2020-06-06 03:00:00;23450.0;19426.5;23450.0;0.03
2020-06-06 04:00:00;23159.0;19214.4;23159.0;1.44
2020-06-06 05:00:00;22677.7;19105.8;22677.7;1.35
2020-06-06 06:00:00;22621.6;18622.7;22621.6;0.08
2020-06-06 07:00:00;22851.9;19550.4;22851.9;2.81
2020-06-06 08:00:00;23733.4;22041.9;23733.4;5.79
2020-06-06 09:00:00;24548.6;24627.3;24627.3;5.65
2020-06-06 10:00:00;25048.8;26357.8;26357.8;4.22
2020-06-06 11:00:00;25046.6;27711.0;27711.0;2.42
2020-06-06 12:00:00;25668.8;28620.8;28620.8;0.06
2020-06-06 13:00:00;26298.3;29211.5;29211.5;-4.9
2020-06-06 14:00:00;25600.5;28902.1;28902.1;-3.46
2020-06-06 15:00:00;25499.6;26839.9;26839.9;-1.71
2020-06-06 16:00:00;24677.4;24707.6;24707.6;0.05
2020-06-06 17:00:00;24955.4;21948.5;24955.4;9.78
2020-06-06 18:00:00;23819.6;18931.1;23819.6;16.42
2020-06-06 19:00:00;23521.1;16351.9;23521.1;21.23
2020-06-06 20:00:00;22814.5;15301.9;22814.5;23.27
2020-06-06 21:00:00;23460.4;15440.6;23460.4;22.98
2020-06-06 22:00:00;22348.8;16015.5;22348.8;23.91
2020-06-06 23:00:00;22718.0;17394.6;22718.0;19.96
2020-06-07 00:00:00;23338.1;18136.5;23338.1;21.04
2020-06-07 01:00:00;23335.8;18059.6;23335.8;17.21
2020-06-07 02:00:00;23588.6;18681.1;23588.6;14.93
2020-06-07 03:00:00;24158.5;18605.7;24158.5;12.63
2020-06-07 04:00:00;23410.3;18118.6;23410.3;10.92
2020-06-07 05:00:00;23394.0;18604.6;23394.0;10.96
2020-06-07 06:00:00;22820.6;19055.1;22820.6;10.88
2020-06-07 07:00:00;22969.3;19367.0;22969.3;14.04
2020-06-07 08:00:00;23727.5;21545.1;23727.5;15.36
2020-06-07 09:00:00;24973.0;23859.0;24973.0;16.0
2020-06-07 10:00:00;26162.1;26035.6;26162.1;15.7
2020-06-07 11:00:00;26601.2;27423.6;27423.6;16.06
2020-06-07 12:00:00;26471.6;28582.4;28582.4;16.94
2020-06-07 13:00:00;26382.0;28367.1;28367.1;13.37
2020-06-07 14:00:00;26717.4;27636.1;27636.1;10.76
2020-06-07 15:00:00;26836.5;26903.1;26903.1;10.64
2020-06-07 16:00:00;25930.2;24809.7;25930.2;13.64
2020-06-07 17:00:00;24944.1;21601.9;24944.1;17.0
2020-06-07 18:00:00;23867.2;18595.4;23867.2;21.06
2020-06-07 19:00:00;22061.9;16197.9;22061.9;25.36
2020-06-07 20:00:00;22108.4;14230.3;22108.4;28.56
2020-06-07 21:00:00;22399.9;13855.0;22399.9;29.14
2020-06-07 22:00:00;22559.6;13989.0;22559.6;32.33
2020-06-07 23:00:00;22338.5;14257.6;22338.5;28.91
2020-06-08 00:00:00;20472.0;14507.7;20472.0;26.0
2020-06-08 01:00:00;21024.6;14243.4;21024.6;22.7
2020-06-08 02:00:00;20829.6;14417.2;20829.6;22.01
2020-06-08 03:00:00;21666.8;14827.7;21666.8;21.36
2020-06-08 04:00:00;21187.3;14454.5;21187.3;21.25
2020-06-08 05:00:00;21076.5;13756.5;21076.5;23.03
2020-06-08 06:00:00;20770.0;14287.8;20770.0;33.45
2020-06-08 07:00:00;21602.2;17760.6;21602.2;41.92
2020-06-08 08:00:00;26265.8;22756.0;26265.8;40.25
2020-06-08 09:00:00;27430.1;26091.7;27430.1;34.76
2020-06-08 10:00:00;27112.3;28172.4;28172.4;33.95
2020-06-08 11:00:00;27573.6;28318.5;28318.5;35.0
2020-06-08 12:00:00;27454.1;28401.3;28401.3;33.0
2020-06-08 13:00:00;27419.6;27973.6;27973.6;31.93
2020-06-08 14:00:00;26918.7;27068.4;27068.4;30.2
2020-06-08 15:00:00;26301.2;25878.1;26301.2;29.28
2020-06-08 16:00:00;26236.8;24140.3;26236.8;29.08
2020-06-08 17:00:00;25936.7;21268.5;25936.7;33.31
2020-06-08 18:00:00;25085.3;19268.4;25085.3;38.85
2020-06-08 19:00:00;24298.3;17446.8;24298.3;38.65
2020-06-08 20:00:00;20703.3;15842.9;20703.3;35.23
2020-06-08 21:00:00;20520.3;14198.7;20520.3;34.6
2020-06-08 22:00:00;19513.3;13535.7;19513.3;33.05
2020-06-08 23:00:00;18674.2;14467.1;18674.2;30.0
2020-06-09 00:00:00;18363.8;14478.0;18363.8;28.39
2020-06-09 01:00:00;18906.3;14236.6;18906.3;25.79
2020-06-09 02:00:00;19418.5;13983.0;19418.5;24.08
2020-06-09 03:00:00;19922.2;13888.0;19922.2;23.67
2020-06-09 04:00:00;20023.3;13921.5;20023.3;23.48
2020-06-09 05:00:00;19553.1;14037.7;19553.1;25.27
2020-06-09 06:00:00;19813.9;14694.0;19813.9;33.43
2020-06-09 07:00:00;22092.4;18249.8;22092.4;43.85
2020-06-09 08:00:00;26594.6;22841.9;26594.6;52.31
2020-06-09 09:00:00;26915.0;24229.6;26915.0;42.46
2020-06-09 10:00:00;27567.5;25347.3;27567.5;46.62
2020-06-09 11:00:00;27768.2;25765.9;27768.2;46.68
2020-06-09 12:00:00;28207.4;26106.8;28207.4;44.12
2020-06-09 13:00:00;27632.6;25598.7;27632.6;39.11
2020-06-09 14:00:00;27372.6;24942.2;27372.6;36.39
2020-06-09 15:00:00;27120.8;24135.5;27120.8;33.49
2020-06-09 16:00:00;27303.9;23385.9;27303.9;33.76
2020-06-09 17:00:00;26697.3;22015.6;26697.3;41.61
2020-06-09 18:00:00;26085.0;20058.3;26085.0;45.21
2020-06-09 19:00:00;25511.8;19027.3;25511.8;48.07
2020-06-09 20:00:00;21060.4;16981.2;21060.4;43.09
2020-06-09 21:00:00;19931.2;16680.6;19931.2;37.47
2020-06-09 22:00:00;19711.8;16688.5;19711.8;32.83
2020-06-09 23:00:00;18385.7;16366.6;18385.7;29.06
2020-06-10 00:00:00;20118.5;17380.5;20118.5;26.09
2020-06-10 01:00:00;21446.9;17772.5;21446.9;24.2
2020-06-10 02:00:00;23133.7;17493.3;23133.7;22.61
2020-06-10 03:00:00;22941.4;17347.7;22941.4;21.49
2020-06-10 04:00:00;22788.3;16806.1;22788.3;22.58
2020-06-10 05:00:00;21744.0;15823.0;21744.0;24.15
2020-06-10 06:00:00;21854.9;17160.2;21854.9;29.41
2020-06-10 07:00:00;23647.5;18707.5;23647.5;35.5
2020-06-10 08:00:00;28622.9;22730.9;28622.9;42.15
2020-06-10 09:00:00;29426.5;24365.7;29426.5;41.06
2020-06-10 10:00:00;29986.6;24865.4;29986.6;40.4
2020-06-10 11:00:00;30220.6;24912.4;30220.6;35.81
2020-06-10 12:00:00;29704.7;25485.9;29704.7;34.9
2020-06-10 13:00:00;28917.1;25618.0;28917.1;34.14
2020-06-10 14:00:00;28649.6;24301.1;28649.6;32.4
2020-06-10 15:00:00;27803.8;22560.0;27803.8;31.3
2020-06-10 16:00:00;27612.5;21638.4;27612.5;30.24
2020-06-10 17:00:00;27894.4;21600.1;27894.4;31.87
2020-06-10 18:00:00;27366.4;20670.5;27366.4;33.77
2020-06-10 19:00:00;26644.5;20462.8;26644.5;34.91
2020-06-10 20:00:00;22703.4;18777.9;22703.4;33.05
2020-06-10 21:00:00;20628.8;17144.4;20628.8;31.5
2020-06-10 22:00:00;20264.4;17272.4;20264.4;31.45
2020-06-10 23:00:00;20870.5;17661.5;20870.5;27.77
2020-06-11 00:00:00;18901.0;16646.7;18901.0;26.06
2020-06-11 01:00:00;20701.2;16425.8;20701.2;22.75
2020-06-11 02:00:00;21171.5;16395.9;21171.5;21.07
2020-06-11 03:00:00;21490.4;16404.1;21490.4;19.43
2020-06-11 04:00:00;21130.1;16553.8;21130.1;18.96
2020-06-11 05:00:00;20929.7;16537.2;20929.7;18.96
2020-06-11 06:00:00;20772.7;15917.2;20772.7;21.56
2020-06-11 07:00:00;18512.9;17155.1;18512.9;26.06
2020-06-11 08:00:00;22402.5;20436.7;22402.5;30.0
2020-06-11 09:00:00;22937.8;21709.9;22937.8;28.96
2020-06-11 10:00:00;23715.7;23599.4;23715.7;26.06
2020-06-11 11:00:00;23924.2;24538.9;24538.9;25.51
2020-06-11 12:00:00;25296.6;25556.2;25556.2;23.89
2020-06-11 13:00:00;26875.1;26757.6;26875.1;21.99
2020-06-11 14:00:00;27258.1;27399.8;27399.8;20.5
2020-06-11 15:00:00;27154.3;27018.2;27154.3;19.1
2020-06-11 16:00:00;28022.2;26053.6;28022.2;19.28
2020-06-11 17:00:00;26239.2;24034.3;26239.2;23.07
2020-06-11 18:00:00;23664.1;21191.4;23664.1;26.08
2020-06-11 19:00:00;22899.0;19346.9;22899.0;30.65
2020-06-11 20:00:00;20282.1;17605.7;20282.1;30.17
2020-06-11 21:00:00;19833.0;16633.1;19833.0;27.09
2020-06-11 22:00:00;19615.4;17300.2;19615.4;26.51
2020-06-11 23:00:00;20157.9;17821.2;20157.9;23.81
2020-06-12 00:00:00;21996.1;15756.7;21996.1;20.72
2020-06-12 01:00:00;22612.7;16029.1;22612.7;17.96
2020-06-12 02:00:00;22181.0;15880.0;22181.0;17.09
2020-06-12 03:00:00;22415.3;15776.8;22415.3;16.01
2020-06-12 04:00:00;22061.6;15306.2;22061.6;16.0
2020-06-12 05:00:00;22017.0;14317.5;22017.0;18.08
2020-06-12 06:00:00;21093.9;14490.6;21093.9;22.92
2020-06-12 07:00:00;20974.2;17070.4;20974.2;25.1
2020-06-12 08:00:00;27383.5;23680.0;27383.5;26.01
2020-06-12 09:00:00;28764.9;28067.9;28764.9;23.23
2020-06-12 10:00:00;30853.3;31492.7;31492.7;21.07
2020-06-12 11:00:00;31247.1;34255.4;34255.4;20.5
2020-06-12 12:00:00;31626.1;36222.7;36222.7;19.45
2020-06-12 13:00:00;31752.5;37299.1;37299.1;15.2
2020-06-12 14:00:00;32082.1;36962.1;36962.1;16.19
2020-06-12 15:00:00;31818.3;35165.1;35165.1;16.14
2020-06-12 16:00:00;30837.7;32369.0;32369.0;17.4
2020-06-12 17:00:00;30504.2;28390.5;30504.2;20.06
2020-06-12 18:00:00;28889.6;24524.1;28889.6;23.53
2020-06-12 19:00:00;27984.1;21484.8;27984.1;27.51
2020-06-12 20:00:00;22951.0;17830.1;22951.0;26.22
2020-06-12 21:00:00;22361.0;17511.6;22361.0;24.7
2020-06-12 22:00:00;22639.6;18786.0;22639.6;25.46
2020-06-12 23:00:00;23144.7;18724.1;23144.7;20.78
2020-06-13 00:00:00;21398.7;17505.5;21398.7;20.98
2020-06-13 01:00:00;21815.1;17867.0;21815.1;19.44
2020-06-13 02:00:00;22302.3;17686.0;22302.3;18.7
2020-06-13 03:00:00;22229.1;17339.7;22229.1;18.8
2020-06-13 04:00:00;22005.4;17101.6;22005.4;19.0
2020-06-13 05:00:00;22064.7;16528.4;22064.7;18.9
2020-06-13 06:00:00;22827.5;17050.1;22827.5;19.33
2020-06-13 07:00:00;23281.6;18997.5;23281.6;19.86
2020-06-13 08:00:00;24438.6;22743.5;24438.6;20.0
2020-06-13 09:00:00;24718.2;26472.2;26472.2;19.1
2020-06-13 10:00:00;25598.3;29823.7;29823.7;18.5
2020-06-13 11:00:00;26469.1;32032.7;32032.7;18.11
2020-06-13 12:00:00;26910.9;33400.1;33400.1;16.47
2020-06-13 13:00:00;26964.1;33435.3;33435.3;16.25
2020-06-13 14:00:00;26684.9;32795.8;32795.8;15.89
2020-06-13 15:00:00;26471.0;30543.7;30543.7;15.84
2020-06-13 16:00:00;24828.0;26673.3;26673.3;17.5
2020-06-13 17:00:00;24016.2;23664.4;24016.2;18.5
2020-06-13 18:00:00;23802.8;20272.1;23802.8;21.93
2020-06-13 19:00:00;21720.1;17971.9;21720.1;24.87
2020-06-13 20:00:00;21019.5;17762.3;21019.5;25.96
2020-06-13 21:00:00;20655.6;17895.3;20655.6;24.42
2020-06-13 22:00:00;20107.5;17502.9;20107.5;24.85
2020-06-13 23:00:00;20473.0;17198.4;20473.0;23.06
2020-06-14 00:00:00;20817.5;16455.4;20817.5;18.53
2020-06-14 01:00:00;20749.3;16810.0;20749.3;16.8
2020-06-14 02:00:00;20795.0;17062.2;20795.0;14.91
2020-06-14 03:00:00;20863.8;17249.7;20863.8;13.82
2020-06-14 04:00:00;20428.4;17425.9;20428.4;14.84
2020-06-14 05:00:00;20257.0;17260.8;20257.0;14.04
2020-06-14 06:00:00;19509.4;17368.2;19509.4;14.94
2020-06-14 07:00:00;19759.5;18110.5;19759.5;15.3
2020-06-14 08:00:00;21451.8;19046.2;21451.8;15.0
2020-06-14 09:00:00;22389.6;19803.8;22389.6;18.54
2020-06-14 10:00:00;22891.7;20599.4;22891.7;19.07
2020-06-14 11:00:00;23868.4;21692.7;23868.4;20.74
2020-06-14 12:00:00;23928.7;22808.9;23928.7;19.73
2020-06-14 13:00:00;23124.8;23211.6;23211.6;17.97
2020-06-14 14:00:00;22549.9;22366.1;22549.9;15.14
2020-06-14 15:00:00;21975.1;21296.7;21975.1;14.49
2020-06-14 16:00:00;21727.5;20394.4;21727.5;14.8
2020-06-14 17:00:00;22064.8;18226.4;22064.8;17.7
2020-06-14 18:00:00;21635.5;16252.9;21635.5;21.08
2020-06-14 19:00:00;19947.1;16146.2;19947.1;23.8
2020-06-14 20:00:00;18010.3;15687.3;18010.3;25.97
2020-06-14 21:00:00;17638.6;15566.8;17638.6;25.87
2020-06-14 22:00:00;16964.1;15955.4;16964.1;27.91
2020-06-14 23:00:00;18396.8;16849.8;18396.8;23.17
2020-06-15 00:00:00;27851.3;21086.0;27851.3;23.07
2020-06-15 01:00:00;28077.6;21649.2;28077.6;20.65
2020-06-15 02:00:00;28541.0;21776.5;28541.0;19.06
2020-06-15 03:00:00;28361.8;21369.9;28361.8;18.02
2020-06-15 04:00:00;28000.3;20822.7;28000.3;17.4
2020-06-15 05:00:00;26893.5;19292.2;26893.5;21.36
2020-06-15 06:00:00;25360.5;20951.7;25360.5;29.93
2020-06-15 07:00:00;26736.6;22761.5;26736.6;35.28
2020-06-15 08:00:00;29126.1;24531.9;29126.1;36.05
2020-06-15 09:00:00;29510.7;27015.6;29510.7;35.89
2020-06-15 10:00:00;29356.1;28680.3;29356.1;34.09
2020-06-15 11:00:00;30037.4;29502.8;30037.4;34.0
2020-06-15 12:00:00;30252.6;30188.4;30252.6;34.1
2020-06-15 13:00:00;29851.3;30835.2;30835.2;33.15
2020-06-15 14:00:00;30116.5;30178.9;30178.9;31.9
2020-06-15 15:00:00;29863.6;29060.1;29863.6;31.0
2020-06-15 16:00:00;29327.7;27660.3;29327.7;30.52
2020-06-15 17:00:00;29894.3;26354.3;29894.3;33.0
2020-06-15 18:00:00;29341.2;24187.4;29341.2;38.0
2020-06-15 19:00:00;28883.6;24622.1;28883.6;43.52
2020-06-15 20:00:00;26130.8;23478.6;26130.8;41.07
2020-06-15 21:00:00;25057.9;22790.0;25057.9;35.91
2020-06-15 22:00:00;24484.1;22922.2;24484.1;36.39
2020-06-15 23:00:00;24086.1;23283.2;24086.1;31.92
2020-06-16 00:00:00;17525.0;17282.2;17525.0;29.86
2020-06-16 01:00:00;19424.9;16287.1;19424.9;26.59
2020-06-16 02:00:00;18742.1;15996.7;18742.1;25.17
2020-06-16 03:00:00;18646.8;15769.5;18646.8;24.79
2020-06-16 04:00:00;18710.6;15622.0;18710.6;24.34
2020-06-16 05:00:00;18620.4;15195.1;18620.4;25.1
2020-06-16 06:00:00;21240.8;16259.7;21240.8;31.13
2020-06-16 07:00:00;22390.8;17836.5;22390.8;38.39
2020-06-16 08:00:00;24630.9;20272.3;24630.9;45.9
2020-06-16 09:00:00;24757.7;21672.9;24757.7;41.39
2020-06-16 10:00:00;24686.4;22334.9;24686.4;39.32
2020-06-16 11:00:00;25913.3;23564.7;25913.3;40.31
2020-06-16 12:00:00;25903.4;24793.9;25903.4;38.75
2020-06-16 13:00:00;25893.0;24869.0;25893.0;34.97
2020-06-16 14:00:00;25721.0;24856.9;25721.0;32.21
2020-06-16 15:00:00;26537.0;24452.4;26537.0;30.86
2020-06-16 16:00:00;26334.1;23236.2;26334.1;30.66
2020-06-16 17:00:00;25395.4;21261.0;25395.4;33.73
2020-06-16 18:00:00;24263.4;19138.5;24263.4;38.32
2020-06-16 19:00:00;24444.1;18935.1;24444.1;42.91
2020-06-16 20:00:00;20531.3;16502.4;20531.3;40.66
2020-06-16 21:00:00;20071.3;16385.1;20071.3;37.66
2020-06-16 22:00:00;19037.3;16267.5;19037.3;34.92
2020-06-16 23:00:00;18853.2;17268.4;18853.2;30.94
2020-06-17 00:00:00;25794.7;22359.6;25794.7;32.05
2020-06-17 01:00:00;26661.7;23631.9;26661.7;30.38
2020-06-17 02:00:00;27393.9;23057.4;27393.9;28.1
2020-06-17 03:00:00;27383.1;22678.8;27383.1;26.92
2020-06-17 04:00:00;27388.0;22412.4;27388.0;26.53
2020-06-17 05:00:00;27985.7;22641.7;27985.7;28.76
2020-06-17 06:00:00;27561.3;22883.4;27561.3;35.96
2020-06-17 07:00:00;28989.7;25186.4;28989.7;51.93
2020-06-17 08:00:00;33113.7;28804.6;33113.7;56.52
2020-06-17 09:00:00;33401.4;30774.7;33401.4;42.14
2020-06-17 10:00:00;34324.5;33394.8;34324.5;38.99
2020-06-17 11:00:00;33363.7;34385.3;34385.3;38.39
2020-06-17 12:00:00;33362.4;35389.9;35389.9;36.03
2020-06-17 13:00:00;33083.6;35488.0;35488.0;36.01
2020-06-17 14:00:00;33467.6;35264.4;35264.4;35.05
2020-06-17 15:00:00;33923.0;34056.9;34056.9;33.59
2020-06-17 16:00:00;33495.0;31836.4;33495.0;33.0
2020-06-17 17:00:00;31925.8;28653.5;31925.8;40.06
2020-06-17 18:00:00;31655.8;25998.1;31655.8;45.58
2020-06-17 19:00:00;31606.7;24606.1;31606.7;47.33
2020-06-17 20:00:00;27165.5;22174.7;27165.5;42.32
2020-06-17 21:00:00;26229.4;21931.8;26229.4;39.71
2020-06-17 22:00:00;24281.8;21487.4;24281.8;36.59
2020-06-17 23:00:00;24260.2;22226.7;24260.2;31.7
2020-06-18 00:00:00;22088.0;19072.2;22088.0;27.74
2020-06-18 01:00:00;22667.0;19769.4;22667.0;25.26
2020-06-18 02:00:00;23673.8;20035.9;23673.8;23.51
2020-06-18 03:00:00;24048.3;19610.6;24048.3;22.82
2020-06-18 04:00:00;24043.0;19366.8;24043.0;22.92
2020-06-18 05:00:00;23879.1;18854.1;23879.1;24.31
2020-06-18 06:00:00;24295.6;18549.2;24295.6;28.86
2020-06-18 07:00:00;26221.7;22021.2;26221.7;34.59
2020-06-18 08:00:00;30044.0;24482.7;30044.0;36.59
2020-06-18 09:00:00;29908.8;26176.4;29908.8;36.93
2020-06-18 10:00:00;30483.1;27890.3;30483.1;36.73
2020-06-18 11:00:00;30875.2;28961.6;30875.2;36.87
2020-06-18 12:00:00;31002.5;30060.4;31002.5;36.21
2020-06-18 13:00:00;30331.8;30210.6;30331.8;34.0
2020-06-18 14:00:00;30719.2;29742.3;30719.2;32.17
2020-06-18 15:00:00;30659.7;28610.4;30659.7;31.81
2020-06-18 16:00:00;30946.7;27664.9;30946.7;30.72
2020-06-18 17:00:00;30383.2;25201.2;30383.2;33.1
2020-06-18 18:00:00;29677.4;23290.0;29677.4;35.0
2020-06-18 19:00:00;29510.3;21990.1;29510.3;36.99
2020-06-18 20:00:00;25783.8;20715.0;25783.8;36.3
2020-06-18 21:00:00;24960.1;20367.1;24960.1;35.57
2020-06-18 22:00:00;24085.5;20287.2;24085.5;34.3
2020-06-18 23:00:00;23299.5;20273.6;23299.5;29.98
2020-06-19 00:00:00;24680.2;22454.4;24680.2;28.1
2020-06-19 01:00:00;24575.2;21961.0;24575.2;24.45
2020-06-19 02:00:00;25197.6;21623.0;25197.6;23.25
2020-06-19 03:00:00;26714.9;21294.4;26714.9;22.28
2020-06-19 04:00:00;26345.5;20955.9;26345.5;22.2
2020-06-19 05:00:00;25865.3;21475.8;25865.3;23.07
2020-06-19 06:00:00;26889.8;21728.0;26889.8;30.06
2020-06-19 07:00:00;29163.2;23784.8;29163.2;35.33
2020-06-19 08:00:00;31951.5;26163.8;31951.5;37.8
2020-06-19 09:00:00;31937.5;29334.1;31937.5;36.08
2020-06-19 10:00:00;32608.6;30552.1;32608.6;34.56
2020-06-19 11:00:00;33101.2;31357.9;33101.2;33.33
2020-06-19 12:00:00;33093.0;32428.5;33093.0;31.22
2020-06-19 13:00:00;32759.9;31959.7;32759.9;28.4
2020-06-19 14:00:00;33044.1;31421.5;33044.1;26.89
2020-06-19 15:00:00;33224.6;31022.8;33224.6;25.29
2020-06-19 16:00:00;33770.4;29656.2;33770.4;24.07
2020-06-19 17:00:00;32827.6;27502.8;32827.6;28.64
2020-06-19 18:00:00;32156.5;24729.0;32156.5;32.61
2020-06-19 19:00:00;31442.0;22962.9;31442.0;34.0
2020-06-19 20:00:00;27306.2;21514.2;27306.2;34.22
2020-06-19 21:00:00;26780.4;20383.0;26780.4;34.13
2020-06-19 22:00:00;25883.1;20600.1;25883.1;35.0
2020-06-19 23:00:00;25693.6;22028.3;25693.6;31.5
2020-06-20 00:00:00;23477.8;21275.8;23477.8;26.7
2020-06-20 01:00:00;24378.7;20886.5;24378.7;24.73
2020-06-20 02:00:00;25282.8;20617.2;25282.8;22.8
2020-06-20 03:00:00;26900.1;20160.4;26900.1;21.63
2020-06-20 04:00:00;26559.2;20196.4;26559.2;20.48
2020-06-20 05:00:00;26626.9;20165.9;26626.9;20.04
2020-06-20 06:00:00;26469.5;20389.5;26469.5;21.85
2020-06-20 07:00:00;26518.7;21886.9;26518.7;22.94
2020-06-20 08:00:00;29271.2;25101.7;29271.2;24.17
2020-06-20 09:00:00;30533.8;28236.6;30533.8;23.67
2020-06-20 10:00:00;32243.7;31426.0;32243.7;22.06
2020-06-20 11:00:00;32515.9;33688.4;33688.4;21.5
2020-06-20 12:00:00;32935.1;35445.8;35445.8;20.5
2020-06-20 13:00:00;33013.8;35930.8;35930.8;17.9
2020-06-20 14:00:00;32656.6;34704.0;34704.0;15.27
2020-06-20 15:00:00;32873.1;33041.5;33041.5;15.68
2020-06-20 16:00:00;31816.3;30301.1;31816.3;18.98
2020-06-20 17:00:00;30893.9;27244.3;30893.9;23.67
2020-06-20 18:00:00;30081.5;24928.0;30081.5;28.3
2020-06-20 19:00:00;28050.2;22794.2;28050.2;30.87
2020-06-20 20:00:00;25004.1;20873.4;25004.1;33.0
2020-06-20 21:00:00;25181.3;21059.5;25181.3;34.77
2020-06-20 22:00:00;24851.5;21331.4;24851.5;34.94
2020-06-20 23:00:00;24234.4;22139.8;24234.4;31.58
2020-06-21 00:00:00;23288.0;20406.4;23288.0;30.11
2020-06-21 01:00:00;24189.6;20185.9;24189.6;25.07
2020-06-21 02:00:00;24721.0;19728.4;24721.0;22.15
2020-06-21 03:00:00;26506.8;19775.4;26506.8;20.26
2020-06-21 04:00:00;26321.7;19675.9;26321.7;16.2
2020-06-21 05:00:00;26301.1;19927.7;26301.1;12.53
2020-06-21 06:00:00;26834.6;20730.5;26834.6;10.98
2020-06-21 07:00:00;26528.4;22842.9;26528.4;11.25
2020-06-21 08:00:00;29045.8;26756.7;29045.8;14.0
2020-06-21 09:00:00;29968.1;30819.1;30819.1;13.68
2020-06-21 10:00:00;30668.0;33831.9;33831.9;15.6
2020-06-21 11:00:00;31474.9;35723.4;35723.4;17.0
2020-06-21 12:00:00;31979.3;37143.4;37143.4;18.62
2020-06-21 13:00:00;33035.6;37543.2;37543.2;13.08
2020-06-21 14:00:00;32970.7;36407.9;36407.9;8.26
2020-06-21 15:00:00;32755.0;34651.0;34651.0;8.4
2020-06-21 16:00:00;30803.9;31337.4;31337.4;11.65
2020-06-21 17:00:00;29671.5;27733.7;29671.5;20.84
2020-06-21 18:00:00;29310.3;25821.0;29310.3;24.83
2020-06-21 19:00:00;26286.2;22385.2;26286.2;29.61
2020-06-21 20:00:00;25208.0;22882.1;25208.0;30.2
2020-06-21 21:00:00;24841.5;21592.6;24841.5;30.84
2020-06-21 22:00:00;24073.0;21139.7;24073.0;32.93
2020-06-21 23:00:00;23028.8;20978.6;23028.8;29.9
2020-06-22 00:00:00;23325.6;18026.4;23325.6;23.57
2020-06-22 01:00:00;25120.4;18760.7;25120.4;21.88
2020-06-22 02:00:00;25495.2;18965.8;25495.2;20.61
2020-06-22 03:00:00;25679.6;18946.8;25679.6;21.04
2020-06-22 04:00:00;24893.9;18790.1;24893.9;21.5
2020-06-22 05:00:00;24046.3;17753.5;24046.3;23.04
2020-06-22 06:00:00;24016.6;17724.6;24016.6;30.69
2020-06-22 07:00:00;26036.9;21373.3;26036.9;35.41
2020-06-22 08:00:00;29949.7;24952.2;29949.7;38.58
2020-06-22 09:00:00;31340.3;28185.1;31340.3;34.5
2020-06-22 10:00:00;32589.3;31414.9;32589.3;33.08
2020-06-22 11:00:00;33145.1;33560.3;33560.3;31.66
2020-06-22 12:00:00;33516.9;35246.0;35246.0;30.04
2020-06-22 13:00:00;34038.6;36092.0;36092.0;24.67
2020-06-22 14:00:00;34007.6;35590.2;35590.2;24.49
2020-06-22 15:00:00;32843.7;34756.0;34756.0;23.62
2020-06-22 16:00:00;31403.4;33096.1;33096.1;24.59
2020-06-22 17:00:00;31062.4;29084.4;31062.4;31.41
2020-06-22 18:00:00;29671.2;24489.6;29671.2;34.39
2020-06-22 19:00:00;29299.8;21428.3;29299.8;36.74
2020-06-22 20:00:00;25361.5;19227.7;25361.5;37.63
2020-06-22 21:00:00;24686.5;18515.1;24686.5;37.39
2020-06-22 22:00:00;23578.2;18467.2;23578.2;36.38
2020-06-22 23:00:00;23004.7;18183.2;23004.7;33.01
2020-06-23 00:00:00;23674.2;17599.5;23674.2;30.0
2020-06-23 01:00:00;24682.2;18429.7;24682.2;27.12
2020-06-23 02:00:00;26056.3;20630.7;26056.3;25.88
2020-06-23 03:00:00;26566.5;19567.9;26566.5;24.4
2020-06-23 04:00:00;25755.1;19754.9;25755.1;24.43
2020-06-23 05:00:00;24774.8;19359.1;24774.8;27.04
2020-06-23 06:00:00;25582.5;19569.3;25582.5;35.03
2020-06-23 07:00:00;29169.7;23963.2;29169.7;37.44
2020-06-23 08:00:00;32252.2;28889.4;32252.2;37.16
2020-06-23 09:00:00;32513.4;33443.0;33443.0;34.9
2020-06-23 10:00:00;33771.1;35940.0;35940.0;31.92
2020-06-23 11:00:00;34806.2;38345.1;38345.1;30.24
2020-06-23 12:00:00;34747.4;40124.3;40124.3;28.79
2020-06-23 13:00:00;34055.2;40577.5;40577.5;28.23
2020-06-23 14:00:00;33949.7;40163.1;40163.1;27.82
2020-06-23 15:00:00;33956.4;38180.6;38180.6;28.65
2020-06-23 16:00:00;33312.6;34788.0;34788.0;30.0
2020-06-23 17:00:00;32398.3;30339.5;32398.3;33.0
2020-06-23 18:00:00;31143.2;26790.4;31143.2;36.59
2020-06-23 19:00:00;30639.6;22623.4;30639.6;44.51
2020-06-23 20:00:00;27599.2;21082.0;27599.2;48.65
2020-06-23 21:00:00;26746.0;19925.3;26746.0;41.29
2020-06-23 22:00:00;25390.5;19058.4;25390.5;38.41
2020-06-23 23:00:00;25280.6;19711.1;25280.6;34.3
2020-06-24 00:00:00;24545.0;19488.4;24545.0;33.02
2020-06-24 01:00:00;24140.3;19167.4;24140.3;31.37
2020-06-24 02:00:00;24619.5;19245.2;24619.5;27.83
2020-06-24 03:00:00;24730.8;19278.4;24730.8;26.76
2020-06-24 04:00:00;24710.4;18979.6;24710.4;26.86
2020-06-24 05:00:00;25638.3;18732.3;25638.3;28.53
2020-06-24 06:00:00;26690.3;19642.2;26690.3;37.57
2020-06-24 07:00:00;28936.7;23577.2;28936.7;41.71
2020-06-24 08:00:00;31569.7;27961.6;31569.7;39.03
2020-06-24 09:00:00;32231.6;32404.8;32404.8;37.66
2020-06-24 10:00:00;33223.1;35495.4;35495.4;36.12
2020-06-24 11:00:00;34250.3;37676.9;37676.9;35.21
2020-06-24 12:00:00;34435.9;39081.9;39081.9;34.84
2020-06-24 13:00:00;34563.5;39170.4;39170.4;33.69
2020-06-24 14:00:00;33886.2;37835.9;37835.9;32.77
2020-06-24 15:00:00;33909.2;35784.6;35784.6;32.72
2020-06-24 16:00:00;33468.9;33262.1;33468.9;33.98
2020-06-24 17:00:00;31235.9;29330.9;31235.9;37.16
2020-06-24 18:00:00;30138.2;24673.6;30138.2;40.93
2020-06-24 19:00:00;29239.1;22059.8;29239.1;47.11
2020-06-24 20:00:00;27451.4;21793.3;27451.4;45.65
2020-06-24 21:00:00;26327.1;20394.5;26327.1;40.24
2020-06-24 22:00:00;25739.1;19453.9;25739.1;38.95
2020-06-24 23:00:00;25787.6;20540.6;25787.6;33.98
2020-06-26 00:00:00;22255.4;18269.9;22255.4;32.47
2020-06-26 01:00:00;22077.9;18597.9;22077.9;28.12
2020-06-26 02:00:00;21605.6;18889.1;21605.6;25.96
2020-06-26 03:00:00;22908.4;18524.0;22908.4;25.59
2020-06-26 04:00:00;22759.9;18228.1;22759.9;25.63
2020-06-26 05:00:00;22648.1;17635.9;22648.1;26.8
2020-06-26 06:00:00;23740.0;19350.9;23740.0;34.05
2020-06-26 07:00:00;26062.1;22827.5;26062.1;38.94
2020-06-26 08:00:00;30377.7;27141.0;30377.7;40.13
2020-06-26 09:00:00;30797.9;31391.8;31391.8;39.19
2020-06-26 10:00:00;31990.6;35655.8;35655.8;36.93
2020-06-26 11:00:00;32315.3;38253.8;38253.8;34.64
2020-06-26 12:00:00;33452.1;39286.7;39286.7;33.12
2020-06-26 13:00:00;32623.9;39358.9;39358.9;32.79
2020-06-26 14:00:00;32017.0;37914.1;37914.1;32.42
2020-06-26 15:00:00;31779.1;35385.7;35385.7;32.18
2020-06-26 16:00:00;31621.0;31836.6;31836.6;33.28
2020-06-26 17:00:00;31395.3;28477.0;31395.3;36.45
2020-06-26 18:00:00;30503.6;25018.9;30503.6;40.43
2020-06-26 19:00:00;29186.8;22294.1;29186.8;46.8
2020-06-26 20:00:00;24412.4;19839.6;24412.4;41.96
2020-06-26 21:00:00;23957.7;18469.5;23957.7;39.9
2020-06-26 22:00:00;22025.0;17732.4;22025.0;40.1
2020-06-26 23:00:00;20884.0;18728.8;20884.0;37.4
2020-06-27 00:00:00;22939.7;18224.2;22939.7;30.32
2020-06-27 01:00:00;23085.1;18724.8;23085.1;27.54
2020-06-27 02:00:00;22965.2;18754.5;22965.2;26.51
2020-06-27 03:00:00;23777.7;18711.8;23777.7;25.75
2020-06-27 04:00:00;23602.4;18115.6;23602.4;25.43
2020-06-27 05:00:00;22559.3;17931.0;22559.3;27.1
2020-06-27 06:00:00;23351.5;18356.7;23351.5;34.49
2020-06-27 07:00:00;24160.7;20949.3;24160.7;40.73
2020-06-27 08:00:00;28293.6;25395.6;28293.6;42.09
2020-06-27 09:00:00;28847.4;29530.6;29530.6;40.98
2020-06-27 10:00:00;29730.6;32913.5;32913.5;38.83
2020-06-27 11:00:00;30938.9;35453.6;35453.6;36.5
2020-06-27 12:00:00;32163.9;36531.4;36531.4;33.31
2020-06-27 13:00:00;32277.2;36416.8;36416.8;31.38
2020-06-27 14:00:00;31952.9;35727.3;35727.3;29.94
2020-06-27 15:00:00;31571.9;34058.4;34058.4;29.87
2020-06-27 16:00:00;30662.8;31781.8;31781.8;32.4
2020-06-27 17:00:00;28822.1;29128.3;29128.3;37.06
2020-06-27 18:00:00;27835.8;25321.9;27835.8;39.55
2020-06-27 19:00:00;26993.9;22859.2;26993.9;44.13
2020-06-27 20:00:00;23022.6;20705.6;23022.6;41.23
2020-06-27 21:00:00;23122.4;19947.9;23122.4;40.24
2020-06-27 22:00:00;22887.5;19266.9;22887.5;38.0
2020-06-27 23:00:00;22881.7;19616.7;22881.7;33.43
2020-06-28 00:00:00;24922.8;20224.5;24922.8;23.93
2020-06-28 01:00:00;26268.3;21400.4;26268.3;21.03
2020-06-28 02:00:00;25893.2;22022.3;25893.2;16.9
2020-06-28 03:00:00;26071.2;21792.1;26071.2;14.26
2020-06-28 04:00:00;25613.2;21312.7;25613.2;15.48
2020-06-28 05:00:00;25523.7;21515.7;25523.7;13.02
2020-06-28 06:00:00;26008.2;21826.6;26008.2;12.45
2020-06-28 07:00:00;26546.8;23523.2;26546.8;12.6
2020-06-28 08:00:00;28460.3;25911.5;28460.3;13.36
2020-06-28 09:00:00;29414.6;28857.0;29414.6;12.48
2020-06-28 10:00:00;29330.4;30790.5;30790.5;14.17
2020-06-28 11:00:00;30138.9;32570.3;32570.3;15.9
2020-06-28 12:00:00;30895.5;34012.1;34012.1;13.71
2020-06-28 13:00:00;30882.9;34583.7;34583.7;1.42
2020-06-28 14:00:00;30465.1;33932.6;33932.6;0.08
2020-06-28 15:00:00;30930.0;32368.4;32368.4;0.54
2020-06-28 16:00:00;30707.0;30013.2;30707.0;2.22
2020-06-28 17:00:00;30022.0;26272.4;30022.0;16.9
2020-06-28 18:00:00;28524.3;23045.2;28524.3;25.04
2020-06-28 19:00:00;27085.5;21908.7;27085.5;29.83
2020-06-28 20:00:00;24878.9;21247.2;24878.9;33.04
2020-06-28 21:00:00;24913.7;20609.5;24913.7;35.07
2020-06-28 22:00:00;24162.7;20291.3;24162.7;36.0
2020-06-28 23:00:00;24212.0;20629.1;24212.0;31.14
2020-06-29 00:00:00;23576.3;14738.0;23576.3;24.02
2020-06-29 01:00:00;24745.8;14218.3;24745.8;19.77
2020-06-29 02:00:00;24965.5;14658.2;24965.5;17.76
2020-06-29 03:00:00;25094.3;14490.4;25094.3;17.4
2020-06-29 04:00:00;25126.6;14374.0;25126.6;17.6
2020-06-29 05:00:00;24701.2;13613.7;24701.2;19.88
2020-06-29 06:00:00;24188.4;12857.9;24188.4;26.52
2020-06-29 07:00:00;26688.0;15165.4;26688.0;35.54
2020-06-29 08:00:00;29774.4;17865.8;29774.4;40.45
2020-06-29 09:00:00;30133.4;19992.1;30133.4;38.81
2020-06-29 10:00:00;30107.0;21321.1;30107.0;35.4
2020-06-29 11:00:00;29830.6;22976.7;29830.6;34.03
2020-06-29 12:00:00;30533.7;25481.0;30533.7;29.35
2020-06-29 13:00:00;31270.6;27779.9;31270.6;22.63
2020-06-29 14:00:00;32284.6;28151.3;32284.6;21.98
2020-06-29 15:00:00;31516.2;27706.9;31516.2;21.02
2020-06-29 16:00:00;30398.4;25763.8;30398.4;19.85
2020-06-29 17:00:00;28624.2;22964.8;28624.2;22.84
2020-06-29 18:00:00;27958.1;19683.5;27958.1;32.96
2020-06-29 19:00:00;27955.1;17150.4;27955.1;34.95
2020-06-29 20:00:00;24332.2;15898.8;24332.2;34.9
2020-06-29 21:00:00;23939.3;15214.4;23939.3;34.63
2020-06-29 22:00:00;23038.7;15204.1;23038.7;33.97
2020-06-29 23:00:00;22850.0;15623.6;22850.0;23.28
2020-06-30 00:00:00;23910.6;15915.8;23910.6;22.49
2020-06-30 01:00:00;25484.3;16965.9;25484.3;21.02
2020-06-30 02:00:00;24983.6;17155.1;24983.6;17.53
2020-06-30 03:00:00;25234.0;17607.6;25234.0;15.82
2020-06-30 04:00:00;25141.2;17304.8;25141.2;16.44
2020-06-30 05:00:00;25260.3;16784.4;25260.3;19.1
2020-06-30 06:00:00;25700.8;17568.9;25700.8;25.79
2020-06-30 07:00:00;27717.9;20927.1;27717.9;31.95
2020-06-30 08:00:00;29741.0;24515.7;29741.0;26.14
2020-06-30 09:00:00;31521.1;27340.0;31521.1;17.1
2020-06-30 10:00:00;32168.9;30079.9;32168.9;2.58
2020-06-30 11:00:00;32844.7;31909.1;32844.7;0.39
2020-06-30 12:00:00;33156.0;33038.2;33156.0;0.92
2020-06-30 13:00:00;33200.7;32415.9;33200.7;-0.08
2020-06-30 14:00:00;32762.8;32005.3;32762.8;0.06
2020-06-30 15:00:00;32733.3;30777.0;32733.3;1.32
2020-06-30 16:00:00;31462.5;27794.9;31462.5;1.44
2020-06-30 17:00:00;30349.9;24046.4;30349.9;21.2
2020-06-30 18:00:00;28678.0;21148.7;28678.0;27.73
2020-06-30 19:00:00;28642.8;19086.1;28642.8;33.38
2020-06-30 20:00:00;24381.6;17099.2;24381.6;36.1
2020-06-30 21:00:00;23869.8;16567.5;23869.8;35.54
2020-06-30 22:00:00;24154.0;17188.6;24154.0;34.94
2020-06-30 23:00:00;22534.7;16912.9;22534.7;31.6
2020-07-01 00:00:00;19249.8;14753.8;19249.8;23.92
2020-07-01 01:00:00;20237.5;14848.9;20237.5;25.04
2020-07-01 02:00:00;20063.2;15001.7;20063.2;25.59
2020-07-01 03:00:00;20053.2;15224.8;20053.2;25.03
2020-07-01 04:00:00;20138.1;15208.5;20138.1;24.78
2020-07-01 05:00:00;19916.0;14534.0;19916.0;25.89
2020-07-01 06:00:00;20412.3;14148.6;20412.3;33.75
2020-07-01 07:00:00;23331.8;17906.2;23331.8;37.97
2020-07-01 08:00:00;26711.8;22199.8;26711.8;39.99
2020-07-01 09:00:00;24326.3;23983.0;24326.3;38.29
2020-07-01 10:00:00;24486.2;26517.0;26517.0;37.06
2020-07-01 11:00:00;25760.9;28720.1;28720.1;36.14
2020-07-01 12:00:00;26006.6;29780.8;29780.8;28.4
2020-07-01 13:00:00;27059.7;30431.6;30431.6;24.16
2020-07-01 14:00:00;27674.7;29757.1;29757.1;25.0
2020-07-01 15:00:00;26322.0;28131.1;28131.1;26.41
2020-07-01 16:00:00;25850.8;25724.7;25850.8;27.17
2020-07-01 17:00:00;25507.0;22371.8;25507.0;32.91
2020-07-01 18:00:00;25417.5;19415.3;25417.5;37.37
2020-07-01 19:00:00;25175.1;17957.0;25175.1;43.29
2020-07-01 20:00:00;21727.1;15427.2;21727.1;40.8
2020-07-01 21:00:00;20984.6;14298.2;20984.6;40.12
2020-07-01 22:00:00;19477.5;13350.5;19477.5;40.25
2020-07-01 23:00:00;18148.0;14070.7;18148.0;37.91
