;Price CH;Price DE-LU;Price FR
2020-04-14 00:00:00;8.04;3.79;10.0
2020-04-14 01:00:00;7.41;4.4;8.23
2020-04-14 02:00:00;8.05;3.9;7.92
2020-04-14 03:00:00;8.6;3.96;6.76
2020-04-14 04:00:00;10.02;4.6;7.38
2020-04-14 05:00:00;13.32;15.88;8.96
2020-04-14 06:00:00;23.66;25.24;14.01
2020-04-14 07:00:00;24.7;32.74;18.76
2020-04-14 08:00:00;24.73;31.14;21.13
2020-04-14 09:00:00;23.73;23.68;17.45
2020-04-14 10:00:00;21.05;21.86;12.1
2020-04-14 11:00:00;18.37;19.73;11.76
2020-04-14 12:00:00;16.17;17.13;17.13
2020-04-14 13:00:00;15.52;16.12;11.6
2020-04-14 14:00:00;14.31;13.54;13.54
2020-04-14 15:00:00;15.41;15.03;0.0
2020-04-14 16:00:00;18.22;19.1;0.02
2020-04-14 17:00:00;22.5;23.15;3.72
2020-04-14 18:00:00;25.83;26.82;10.76
2020-04-14 19:00:00;26.06;33.38;17.82
2020-04-14 20:00:00;27.66;39.91;14.08
2020-04-14 21:00:00;27.76;31.45;14.45
2020-04-14 22:00:00;25.39;26.77;19.88
2020-04-14 23:00:00;22.16;24.28;20.69
2020-04-15 00:00:00;20.63;19.87;19.87
2020-04-15 01:00:00;19.05;17.08;17.08
2020-04-15 02:00:00;17.5;17.0;16.01
2020-04-15 03:00:00;17.19;16.37;14.89
2020-04-15 04:00:00;17.28;16.57;11.94
2020-04-15 05:00:00;19.94;19.1;12.61
2020-04-15 06:00:00;25.08;25.15;14.24
2020-04-15 07:00:00;26.16;26.09;15.34
2020-04-15 08:00:00;26.4;24.99;16.9
2020-04-15 09:00:00;19.9;21.2;16.7
2020-04-15 10:00:00;16.05;14.29;14.29
2020-04-15 11:00:00;12.6;14.16;14.16
2020-04-15 12:00:00;11.23;8.07;12.26
2020-04-15 13:00:00;9.07;8.0;8.0
2020-04-15 14:00:00;7.93;4.46;6.36
2020-04-15 15:00:00;7.65;8.05;8.05
2020-04-15 16:00:00;9.76;12.13;12.13
2020-04-15 17:00:00;20.57;21.85;12.19
2020-04-15 18:00:00;25.7;27.34;14.47
2020-04-15 19:00:00;26.19;37.84;17.01
2020-04-15 20:00:00;27.59;41.91;18.01
2020-04-15 21:00:00;27.08;31.34;16.93
2020-04-15 22:00:00;26.01;26.25;19.74
2020-04-15 23:00:00;23.39;24.99;18.27
2020-04-16 00:00:00;20.63;19.87;19.87
2020-04-16 01:00:00;19.05;17.08;17.08
2020-04-16 02:00:00;17.5;17.0;16.01
2020-04-16 03:00:00;17.19;16.37;14.89
2020-04-16 04:00:00;17.28;16.57;11.94
2020-04-16 05:00:00;19.94;19.1;12.61
2020-04-16 06:00:00;25.08;25.15;14.24
2020-04-16 07:00:00;26.16;26.09;15.34
2020-04-16 08:00:00;26.4;24.99;16.9
2020-04-16 09:00:00;19.9;21.2;16.7
2020-04-16 10:00:00;16.05;14.29;14.29
2020-04-16 11:00:00;12.6;14.16;14.16
2020-04-16 12:00:00;11.23;8.07;12.26
2020-04-16 13:00:00;9.07;8.0;8.0
2020-04-16 14:00:00;7.93;4.46;6.36
2020-04-16 15:00:00;7.65;8.05;8.05
2020-04-16 16:00:00;9.76;12.13;12.13
2020-04-16 17:00:00;20.57;21.85;12.19
2020-04-16 18:00:00;25.7;27.34;14.47
2020-04-16 19:00:00;26.19;37.84;17.01
2020-04-16 20:00:00;27.59;41.91;18.01
2020-04-16 21:00:00;27.08;31.34;16.93
2020-04-16 22:00:00;26.01;26.25;19.74
2020-04-16 23:00:00;23.39;24.99;18.27
2020-04-17 00:00:00;22.02;22.08;15.22
2020-04-17 01:00:00;21.09;21.58;13.4
2020-04-17 02:00:00;21.04;21.06;12.39
2020-04-17 03:00:00;21.25;21.99;10.22
2020-04-17 04:00:00;21.7;22.44;9.55
2020-04-17 05:00:00;24.03;24.41;10.18
2020-04-17 06:00:00;26.57;32.93;11.84
2020-04-17 07:00:00;26.08;47.84;12.0
2020-04-17 08:00:00;25.95;44.81;12.17
2020-04-17 09:00:00;25.09;26.41;15.0
2020-04-17 10:00:00;22.67;24.9;14.91
2020-04-17 11:00:00;21.81;23.87;15.48
2020-04-17 12:00:00;20.05;20.44;16.05
2020-04-17 13:00:00;18.33;18.07;15.61
2020-04-17 14:00:00;18.09;18.54;14.0
2020-04-17 15:00:00;18.51;21.87;11.93
2020-04-17 16:00:00;20.53;21.75;11.51
2020-04-17 17:00:00;23.82;25.15;11.81
2020-04-17 18:00:00;26.42;36.76;13.93
2020-04-17 19:00:00;26.45;48.75;15.55
2020-04-17 20:00:00;27.0;42.77;14.82
2020-04-17 21:00:00;27.26;32.38;17.71
2020-04-17 22:00:00;23.7;24.92;21.47
2020-04-17 23:00:00;20.12;20.76;20.76
2020-04-18 00:00:00;22.05;22.1;22.1
2020-04-18 01:00:00;21.9;20.13;18.15
2020-04-18 02:00:00;21.47;18.78;15.86
2020-04-18 03:00:00;21.06;18.1;16.24
2020-04-18 04:00:00;20.22;18.55;10.06
2020-04-18 05:00:00;20.71;19.07;9.89
2020-04-18 06:00:00;21.16;21.62;14.21
2020-04-18 07:00:00;22.02;23.82;14.63
2020-04-18 08:00:00;22.55;23.87;16.29
2020-04-18 09:00:00;21.75;24.33;14.2
2020-04-18 10:00:00;18.04;17.3;15.23
2020-04-18 11:00:00;15.94;16.63;16.63
2020-04-18 12:00:00;14.84;16.8;16.8
2020-04-18 13:00:00;12.5;12.84;12.84
2020-04-18 14:00:00;10.43;12.32;12.32
2020-04-18 15:00:00;11.45;12.77;12.77
2020-04-18 16:00:00;14.88;15.05;13.74
2020-04-18 17:00:00;18.77;24.13;10.35
2020-04-18 18:00:00;23.92;25.99;12.98
2020-04-18 19:00:00;23.98;29.42;14.59
2020-04-18 20:00:00;24.46;28.66;14.86
2020-04-18 21:00:00;22.82;23.81;19.31
2020-04-18 22:00:00;22.31;21.16;21.16
2020-04-18 23:00:00;19.31;18.38;18.8
2020-04-19 00:00:00;;;
2020-04-19 01:00:00;;;
2020-04-19 02:00:00;;;
2020-04-19 03:00:00;;;
2020-04-19 04:00:00;;;
2020-04-19 05:00:00;;;
2020-04-19 06:00:00;;;
2020-04-19 07:00:00;;;
2020-04-19 08:00:00;;;
2020-04-19 09:00:00;;;
2020-04-19 10:00:00;;;
2020-04-19 11:00:00;;;
2020-04-19 12:00:00;;;
2020-04-19 13:00:00;;;
2020-04-19 14:00:00;;;
2020-04-19 15:00:00;;;
2020-04-19 16:00:00;;;
2020-04-19 17:00:00;;;
2020-04-19 18:00:00;;;
2020-04-19 19:00:00;;;
2020-04-19 20:00:00;;;
2020-04-19 21:00:00;;;
2020-04-19 22:00:00;;;
2020-04-19 23:00:00;;;
2020-04-20 00:00:00;8.47;4.43;4.43
2020-04-20 01:00:00;6.49;4.38;4.38
2020-04-20 02:00:00;4.67;3.69;3.69
2020-04-20 03:00:00;3.98;0.66;0.66
2020-04-20 04:00:00;4.17;0.03;0.03
2020-04-20 05:00:00;9.02;4.78;4.77
2020-04-20 06:00:00;18.94;18.0;9.16
2020-04-20 07:00:00;22.37;22.82;12.77
2020-04-20 08:00:00;21.94;22.93;15.0
2020-04-20 09:00:00;14.94;16.07;13.97
2020-04-20 10:00:00;13.52;11.72;12.02
2020-04-20 11:00:00;13.5;5.46;6.91
2020-04-20 12:00:00;9.08;-4.98;1.54
2020-04-20 13:00:00;6.24;-29.7;-0.09
2020-04-20 14:00:00;0.79;-44.25;-22.96
2020-04-20 15:00:00;0.02;-39.49;-23.12
2020-04-20 16:00:00;1.01;-23.71;-14.63
2020-04-20 17:00:00;12.84;4.01;4.01
2020-04-20 18:00:00;15.13;16.38;14.23
2020-04-20 19:00:00;20.41;17.81;15.02
2020-04-20 20:00:00;21.6;18.38;15.81
2020-04-20 21:00:00;18.67;14.05;14.05
2020-04-20 22:00:00;15.0;10.28;13.39
2020-04-20 23:00:00;13.19;4.85;7.9
2020-04-21 00:00:00;4.72;4.65;6.31
2020-04-21 01:00:00;4.29;4.31;4.35
2020-04-21 02:00:00;1.28;3.69;3.73
2020-04-21 03:00:00;-1.89;-0.59;0.04
2020-04-21 04:00:00;-0.61;3.72;3.72
2020-04-21 05:00:00;8.28;4.73;4.73
2020-04-21 06:00:00;13.68;10.0;9.8
2020-04-21 07:00:00;17.28;16.13;11.43
2020-04-21 08:00:00;17.03;16.52;11.17
2020-04-21 09:00:00;14.68;7.92;8.33
2020-04-21 10:00:00;13.24;-19.21;-8.65
2020-04-21 11:00:00;14.69;-69.05;-3.33
2020-04-21 12:00:00;12.94;-79.74;0.01
2020-04-21 13:00:00;13.5;-80.09;-0.92
2020-04-21 14:00:00;13.92;-83.94;-3.99
2020-04-21 15:00:00;8.62;-80.02;-8.44
2020-04-21 16:00:00;9.9;-78.09;-0.09
2020-04-21 17:00:00;11.5;-23.12;0.07
2020-04-21 18:00:00;13.86;5.53;8.0
2020-04-21 19:00:00;15.2;10.99;10.99
2020-04-21 20:00:00;16.46;10.99;10.99
2020-04-21 21:00:00;13.01;11.17;11.17
2020-04-21 22:00:00;13.69;7.6;10.99
2020-04-21 23:00:00;9.07;8.31;9.99
2020-04-22 00:00:00;8.08;4.39;4.64
2020-04-22 01:00:00;6.85;4.12;4.12
2020-04-22 02:00:00;6.42;3.5;3.5
2020-04-22 03:00:00;5.87;4.14;4.14
2020-04-22 04:00:00;7.33;4.57;4.57
2020-04-22 05:00:00;8.27;6.0;6.0
2020-04-22 06:00:00;16.69;14.92;8.0
2020-04-22 07:00:00;20.67;23.39;8.49
2020-04-22 08:00:00;21.0;19.81;11.64
2020-04-22 09:00:00;15.07;10.57;10.57
2020-04-22 10:00:00;9.09;6.77;6.77
2020-04-22 11:00:00;6.74;6.1;6.1
2020-04-22 12:00:00;6.68;-0.56;5.62
2020-04-22 13:00:00;4.67;-24.97;3.14
2020-04-22 14:00:00;0.94;-29.98;-5.72
2020-04-22 15:00:00;1.62;-5.76;-0.78
2020-04-22 16:00:00;5.82;4.07;4.07
2020-04-22 17:00:00;11.16;8.59;8.59
2020-04-22 18:00:00;19.47;18.05;12.14
2020-04-22 19:00:00;22.37;24.57;18.85
2020-04-22 20:00:00;23.19;25.54;20.03
2020-04-22 21:00:00;20.67;22.19;22.19
2020-04-22 22:00:00;19.57;20.01;20.01
2020-04-22 23:00:00;17.67;19.0;19.0
2020-04-23 00:00:00;20.09;20.1;20.1
2020-04-23 01:00:00;18.34;19.68;18.61
2020-04-23 02:00:00;18.3;18.38;16.11
2020-04-23 03:00:00;18.57;20.07;13.49
2020-04-23 04:00:00;18.48;20.6;12.69
2020-04-23 05:00:00;19.84;22.34;14.01
2020-04-23 06:00:00;24.59;33.7;14.55
2020-04-23 07:00:00;21.9;42.03;16.16
2020-04-23 08:00:00;22.0;38.48;19.02
2020-04-23 09:00:00;19.59;23.72;20.01
2020-04-23 10:00:00;18.82;18.18;18.18
2020-04-23 11:00:00;19.13;17.4;17.4
2020-04-23 12:00:00;17.59;16.95;16.95
2020-04-23 13:00:00;16.79;16.63;16.63
2020-04-23 14:00:00;15.01;14.95;14.95
2020-04-23 15:00:00;15.02;14.97;14.97
2020-04-23 16:00:00;15.54;18.11;14.79
2020-04-23 17:00:00;19.09;25.07;16.73
2020-04-23 18:00:00;20.99;34.51;18.85
2020-04-23 19:00:00;20.04;58.95;21.33
2020-04-23 20:00:00;22.26;69.68;22.4
2020-04-23 21:00:00;24.71;38.62;23.94
2020-04-23 22:00:00;24.32;34.43;22.31
2020-04-23 23:00:00;21.38;28.6;21.9
2020-04-24 00:00:00;23.76;23.87;23.87
2020-04-24 01:00:00;22.57;21.63;21.63
2020-04-24 02:00:00;21.24;21.54;20.65
2020-04-24 03:00:00;20.47;21.54;18.69
2020-04-24 04:00:00;20.54;20.93;17.01
2020-04-24 05:00:00;21.39;22.0;16.57
2020-04-24 06:00:00;26.11;26.69;19.18
2020-04-24 07:00:00;24.62;35.85;20.52
2020-04-24 08:00:00;26.56;31.0;21.09
2020-04-24 09:00:00;22.03;21.84;21.84
2020-04-24 10:00:00;16.06;20.0;20.0
2020-04-24 11:00:00;14.05;18.45;18.45
2020-04-24 12:00:00;12.76;16.15;16.15
2020-04-24 13:00:00;9.04;14.55;14.55
2020-04-24 14:00:00;5.1;12.02;12.02
2020-04-24 15:00:00;4.3;10.0;10.0
2020-04-24 16:00:00;7.04;11.81;11.81
2020-04-24 17:00:00;12.31;15.62;15.62
2020-04-24 18:00:00;15.61;19.97;19.97
2020-04-24 19:00:00;20.26;22.27;20.44
2020-04-24 20:00:00;21.03;22.5;22.5
2020-04-24 21:00:00;19.7;21.98;23.08
2020-04-24 22:00:00;18.47;23.0;23.0
2020-04-24 23:00:00;16.7;20.4;20.52
2020-04-25 00:00:00;14.96;12.9;16.25
2020-04-25 01:00:00;14.13;9.07;15.0
2020-04-25 02:00:00;13.34;12.61;15.59
2020-04-25 03:00:00;12.94;14.42;14.42
2020-04-25 04:00:00;12.4;14.48;14.48
2020-04-25 05:00:00;13.04;14.03;14.03
2020-04-25 06:00:00;14.67;14.88;14.0
2020-04-25 07:00:00;18.0;15.09;15.09
2020-04-25 08:00:00;19.57;18.7;14.17
2020-04-25 09:00:00;16.22;16.63;16.6
2020-04-25 10:00:00;13.47;16.03;16.03
2020-04-25 11:00:00;12.9;16.3;16.3
2020-04-25 12:00:00;11.92;15.08;15.08
2020-04-25 13:00:00;9.59;12.25;12.25
2020-04-25 14:00:00;8.02;7.76;7.76
2020-04-25 15:00:00;9.08;7.99;7.99
2020-04-25 16:00:00;13.76;10.07;10.07
2020-04-25 17:00:00;19.25;16.62;13.3
2020-04-25 18:00:00;21.57;23.51;16.21
2020-04-25 19:00:00;21.12;26.7;19.53
2020-04-25 20:00:00;21.96;32.0;20.51
2020-04-25 21:00:00;22.39;29.77;22.7
2020-04-25 22:00:00;22.92;25.69;22.65
2020-04-25 23:00:00;21.17;22.11;21.23
2020-04-26 00:00:00;18.02;22.3;16.23
2020-04-26 01:00:00;16.32;19.79;15.76
2020-04-26 02:00:00;15.26;20.76;14.55
2020-04-26 03:00:00;15.21;21.06;12.42
2020-04-26 04:00:00;15.06;22.23;11.92
2020-04-26 05:00:00;15.2;21.95;11.8
2020-04-26 06:00:00;15.2;18.81;12.0
2020-04-26 07:00:00;14.89;18.09;11.99
2020-04-26 08:00:00;14.42;16.06;12.12
2020-04-26 09:00:00;14.51;15.01;12.42
2020-04-26 10:00:00;11.94;13.0;13.0
2020-04-26 11:00:00;12.03;14.38;14.38
2020-04-26 12:00:00;10.59;15.0;15.0
2020-04-26 13:00:00;9.01;11.9;11.9
2020-04-26 14:00:00;5.81;5.56;5.56
2020-04-26 15:00:00;5.61;6.93;6.93
2020-04-26 16:00:00;7.9;12.42;12.42
2020-04-26 17:00:00;15.13;16.15;12.42
2020-04-26 18:00:00;23.73;24.82;14.0
2020-04-26 19:00:00;23.97;27.97;17.07
2020-04-26 20:00:00;24.83;31.84;19.46
2020-04-26 21:00:00;24.96;27.49;24.1
2020-04-26 22:00:00;25.66;26.06;25.15
2020-04-26 23:00:00;23.59;23.76;23.76
2020-04-27 00:00:00;20.35;20.84;20.84
2020-04-27 01:00:00;18.97;21.11;20.23
2020-04-27 02:00:00;18.56;19.08;18.44
2020-04-27 03:00:00;18.03;19.34;16.89
2020-04-27 04:00:00;18.53;20.23;13.64
2020-04-27 05:00:00;20.74;21.61;16.08
2020-04-27 06:00:00;26.79;25.95;19.73
2020-04-27 07:00:00;25.54;28.0;20.62
2020-04-27 08:00:00;25.99;25.9;20.58
2020-04-27 09:00:00;22.73;21.99;21.99
2020-04-27 10:00:00;21.74;21.17;20.3
2020-04-27 11:00:00;21.67;20.64;20.64
2020-04-27 12:00:00;20.79;21.92;21.49
2020-04-27 13:00:00;19.59;20.39;20.39
2020-04-27 14:00:00;19.18;19.85;19.85
2020-04-27 15:00:00;19.33;18.42;18.31
2020-04-27 16:00:00;19.26;18.4;18.4
2020-04-27 17:00:00;24.69;24.92;18.26
2020-04-27 18:00:00;27.38;32.96;20.0
2020-04-27 19:00:00;29.04;48.31;21.4
2020-04-27 20:00:00;30.04;45.56;21.7
2020-04-27 21:00:00;30.11;38.56;24.1
2020-04-27 22:00:00;30.06;32.1;23.56
2020-04-27 23:00:00;25.58;24.74;22.29
2020-04-28 00:00:00;23.33;22.21;21.74
2020-04-28 01:00:00;22.02;20.27;20.02
2020-04-28 02:00:00;21.05;20.42;15.85
2020-04-28 03:00:00;20.36;20.16;13.8
2020-04-28 04:00:00;20.65;20.61;13.06
2020-04-28 05:00:00;21.97;21.94;13.0
2020-04-28 06:00:00;25.93;25.94;14.24
2020-04-28 07:00:00;29.27;27.94;17.52
2020-04-28 08:00:00;30.99;28.72;20.0
2020-04-28 09:00:00;27.94;27.95;21.2
2020-04-28 10:00:00;25.19;26.16;21.19
2020-04-28 11:00:00;25.37;25.83;21.87
2020-04-28 12:00:00;24.66;24.93;24.93
2020-04-28 13:00:00;24.38;24.06;21.87
2020-04-28 14:00:00;24.29;24.89;20.64
2020-04-28 15:00:00;24.52;24.85;16.27
2020-04-28 16:00:00;25.04;24.81;13.25
2020-04-28 17:00:00;27.28;27.18;12.21
2020-04-28 18:00:00;29.88;28.74;15.0
2020-04-28 19:00:00;31.58;31.28;19.9
2020-04-28 20:00:00;32.07;29.99;21.45
2020-04-28 21:00:00;28.04;27.44;24.56
2020-04-28 22:00:00;24.56;24.09;24.09
2020-04-28 23:00:00;21.51;21.03;21.03
2020-04-29 00:00:00;19.56;19.04;19.04
2020-04-29 01:00:00;18.27;17.58;12.61
2020-04-29 02:00:00;17.72;17.09;10.8
2020-04-29 03:00:00;17.6;17.11;10.62
2020-04-29 04:00:00;17.8;18.04;10.0
2020-04-29 05:00:00;19.49;20.91;10.7
2020-04-29 06:00:00;23.72;24.28;11.0
2020-04-29 07:00:00;27.83;27.09;12.72
2020-04-29 08:00:00;28.77;30.57;14.05
2020-04-29 09:00:00;25.43;30.24;13.61
2020-04-29 10:00:00;24.04;27.98;11.63
2020-04-29 11:00:00;23.23;26.0;14.69
2020-04-29 12:00:00;22.09;23.49;17.93
2020-04-29 13:00:00;20.61;19.08;10.5
2020-04-29 14:00:00;19.8;18.0;7.57
2020-04-29 15:00:00;19.26;17.7;5.95
2020-04-29 16:00:00;19.75;19.01;9.28
2020-04-29 17:00:00;21.96;21.59;9.46
2020-04-29 18:00:00;25.29;26.46;11.05
2020-04-29 19:00:00;29.17;28.7;20.71
2020-04-29 20:00:00;29.39;30.85;12.0
2020-04-29 21:00:00;27.87;27.81;14.0
2020-04-29 22:00:00;23.94;23.69;15.58
2020-04-29 23:00:00;20.73;20.96;20.96
2020-04-30 00:00:00;17.72;17.55;9.99
2020-04-30 01:00:00;15.2;15.57;7.5
2020-04-30 02:00:00;13.51;14.05;5.72
2020-04-30 03:00:00;12.78;13.64;5.54
2020-04-30 04:00:00;12.52;13.84;5.3
2020-04-30 05:00:00;15.05;17.4;5.3
2020-04-30 06:00:00;19.62;21.35;5.54
2020-04-30 07:00:00;22.43;24.97;9.45
2020-04-30 08:00:00;22.14;25.11;8.69
2020-04-30 09:00:00;20.59;23.46;10.23
2020-04-30 10:00:00;18.54;21.89;6.0
2020-04-30 11:00:00;18.25;21.02;6.66
2020-04-30 12:00:00;17.03;14.81;11.23
2020-04-30 13:00:00;14.42;9.25;8.46
2020-04-30 14:00:00;13.07;10.22;5.51
2020-04-30 15:00:00;13.38;13.45;5.54
2020-04-30 16:00:00;15.95;17.75;8.84
2020-04-30 17:00:00;18.69;23.41;9.62
2020-04-30 18:00:00;24.2;27.13;6.0
2020-04-30 19:00:00;26.02;34.74;6.85
2020-04-30 20:00:00;26.6;34.66;8.06
2020-04-30 21:00:00;24.78;29.02;10.2
2020-04-30 22:00:00;20.27;22.04;10.4
2020-04-30 23:00:00;14.24;13.77;12.04
2020-05-01 00:00:00;9.02;5.5;5.5
2020-05-01 01:00:00;7.11;5.35;5.35
2020-05-01 02:00:00;5.47;3.82;4.0
2020-05-01 03:00:00;3.99;2.63;3.0
2020-05-01 04:00:00;3.42;1.56;2.2
2020-05-01 05:00:00;3.33;2.46;2.46
2020-05-01 06:00:00;3.25;2.54;3.0
2020-05-01 07:00:00;2.71;1.5;2.3
2020-05-01 08:00:00;4.01;-1.57;2.46
2020-05-01 09:00:00;3.08;-2.43;3.09
2020-05-01 10:00:00;2.74;-2.89;3.46
2020-05-01 11:00:00;4.78;-2.47;2.99
2020-05-01 12:00:00;4.03;0.35;5.0
2020-05-01 13:00:00;0.58;-2.04;2.01
2020-05-01 14:00:00;0.05;-2.06;1.7
2020-05-01 15:00:00;0.93;-0.04;1.02
2020-05-01 16:00:00;3.28;1.95;1.95
2020-05-01 17:00:00;10.21;7.88;5.04
2020-05-01 18:00:00;15.2;18.99;11.0
2020-05-01 19:00:00;21.32;23.5;5.5
2020-05-01 20:00:00;21.88;28.43;8.69
2020-05-01 21:00:00;20.13;26.88;14.61
2020-05-01 22:00:00;18.1;20.91;19.0
2020-05-01 23:00:00;14.38;16.0;16.0
2020-05-05 00:00:00;18.54;18.14;16.0
2020-05-05 01:00:00;17.62;17.99;14.29
2020-05-05 02:00:00;17.1;17.2;14.27
2020-05-05 03:00:00;17.04;18.05;14.29
2020-05-05 04:00:00;17.15;18.07;14.29
2020-05-05 05:00:00;19.01;20.08;15.0
2020-05-05 06:00:00;24.46;23.2;12.93
2020-05-05 07:00:00;28.61;27.61;15.01
2020-05-05 08:00:00;27.9;26.06;18.47
2020-05-05 09:00:00;24.8;22.35;20.04
2020-05-05 10:00:00;21.74;19.92;19.92
2020-05-05 11:00:00;20.71;21.02;19.59
2020-05-05 12:00:00;18.83;20.27;18.95
2020-05-05 13:00:00;17.46;19.1;17.88
2020-05-05 14:00:00;17.0;17.16;16.46
2020-05-05 15:00:00;17.09;16.12;15.98
2020-05-05 16:00:00;18.09;17.31;16.0
2020-05-05 17:00:00;22.39;20.42;16.49
2020-05-05 18:00:00;27.01;24.1;18.44
2020-05-05 19:00:00;29.04;28.75;21.01
2020-05-05 20:00:00;29.95;32.41;22.73
2020-05-05 21:00:00;29.03;27.34;25.04
2020-05-05 22:00:00;25.06;25.34;25.34
2020-05-05 23:00:00;23.64;23.24;23.24
2020-05-06 00:00:00;22.03;20.99;19.87
2020-05-06 01:00:00;20.12;20.06;20.01
2020-05-06 02:00:00;19.22;20.0;19.89
2020-05-06 03:00:00;19.04;19.04;18.29
2020-05-06 04:00:00;19.32;17.04;17.04
2020-05-06 05:00:00;20.73;20.1;20.1
2020-05-06 06:00:00;25.05;24.95;23.01
2020-05-06 07:00:00;28.71;29.2;26.22
2020-05-06 08:00:00;27.78;26.96;26.55
2020-05-06 09:00:00;22.44;24.22;24.22
2020-05-06 10:00:00;20.34;21.16;21.16
2020-05-06 11:00:00;19.95;20.34;20.34
2020-05-06 12:00:00;18.3;20.28;19.67
2020-05-06 13:00:00;17.02;18.07;18.07
2020-05-06 14:00:00;16.02;16.41;16.41
2020-05-06 15:00:00;15.18;16.27;16.02
2020-05-06 16:00:00;16.74;16.69;16.69
2020-05-06 17:00:00;18.53;18.79;18.79
2020-05-06 18:00:00;21.75;22.94;22.94
2020-05-06 19:00:00;24.14;24.96;24.96
2020-05-06 20:00:00;24.74;25.42;25.42
2020-05-06 21:00:00;23.84;24.97;24.97
2020-05-06 22:00:00;22.99;24.68;24.68
2020-05-06 23:00:00;21.35;22.14;22.14
2020-05-07 00:00:00;20.41;20.08;20.08
2020-05-07 01:00:00;19.07;19.03;19.03
2020-05-07 02:00:00;18.8;18.57;18.57
2020-05-07 03:00:00;18.45;18.5;18.39
2020-05-07 04:00:00;18.01;18.48;18.36
2020-05-07 05:00:00;19.47;19.07;18.95
2020-05-07 06:00:00;22.94;23.01;17.04
2020-05-07 07:00:00;25.74;25.03;21.03
2020-05-07 08:00:00;25.06;24.98;22.56
2020-05-07 09:00:00;22.82;21.54;21.54
2020-05-07 10:00:00;21.09;19.7;19.69
2020-05-07 11:00:00;20.51;19.06;19.01
2020-05-07 12:00:00;19.15;17.06;19.4
2020-05-07 13:00:00;18.9;16.75;18.55
2020-05-07 14:00:00;18.32;17.34;19.0
2020-05-07 15:00:00;18.55;18.32;18.18
2020-05-07 16:00:00;19.23;19.0;18.83
2020-05-07 17:00:00;22.7;20.39;20.0
2020-05-07 18:00:00;26.65;26.91;21.0
2020-05-07 19:00:00;27.78;48.95;22.56
2020-05-07 20:00:00;29.04;50.98;22.86
2020-05-07 21:00:00;29.42;35.45;24.2
2020-05-07 22:00:00;27.4;27.93;25.77
2020-05-07 23:00:00;25.42;25.8;25.27
2020-05-08 00:00:00;22.03;20.99;19.87
2020-05-08 01:00:00;20.12;20.06;20.01
2020-05-08 02:00:00;19.22;20.0;19.89
2020-05-08 03:00:00;19.04;19.04;18.29
2020-05-08 04:00:00;19.32;17.04;17.04
2020-05-08 05:00:00;20.73;20.1;20.1
2020-05-08 06:00:00;25.05;24.95;23.01
2020-05-08 07:00:00;28.71;29.2;26.22
2020-05-08 08:00:00;27.78;26.96;26.55
2020-05-08 09:00:00;22.44;24.22;24.22
2020-05-08 10:00:00;20.34;21.16;21.16
2020-05-08 11:00:00;19.95;20.34;20.34
2020-05-08 12:00:00;18.3;20.28;19.67
2020-05-08 13:00:00;17.02;18.07;18.07
2020-05-08 14:00:00;16.02;16.41;16.41
2020-05-08 15:00:00;15.18;16.27;16.02
2020-05-08 16:00:00;16.74;16.69;16.69
2020-05-08 17:00:00;18.53;18.79;18.79
2020-05-08 18:00:00;21.75;22.94;22.94
2020-05-08 19:00:00;24.14;24.96;24.96
2020-05-08 20:00:00;24.74;25.42;25.42
2020-05-08 21:00:00;23.84;24.97;24.97
2020-05-08 22:00:00;22.99;24.68;24.68
2020-05-08 23:00:00;21.35;22.14;22.14
2020-05-09 00:00:00;22.84;21.51;21.51
2020-05-09 01:00:00;21.66;20.72;20.72
2020-05-09 02:00:00;21.33;20.89;20.89
2020-05-09 03:00:00;20.88;21.01;17.55
2020-05-09 04:00:00;19.94;22.0;14.24
2020-05-09 05:00:00;20.43;21.73;14.96
2020-05-09 06:00:00;20.94;21.11;20.6
2020-05-09 07:00:00;22.21;21.11;20.0
2020-05-09 08:00:00;21.55;21.06;19.53
2020-05-09 09:00:00;21.01;20.24;20.09
2020-05-09 10:00:00;19.02;18.79;18.02
2020-05-09 11:00:00;18.43;19.01;17.53
2020-05-09 12:00:00;16.93;18.38;17.68
2020-05-09 13:00:00;14.43;16.93;16.93
2020-05-09 14:00:00;13.0;16.02;15.75
2020-05-09 15:00:00;14.06;14.75;14.75
2020-05-09 16:00:00;16.03;16.05;13.9
2020-05-09 17:00:00;19.94;21.11;12.5
2020-05-09 18:00:00;24.02;26.97;14.75
2020-05-09 19:00:00;25.89;36.61;17.89
2020-05-09 20:00:00;26.97;33.99;17.05
2020-05-09 21:00:00;25.83;28.28;17.13
2020-05-09 22:00:00;24.4;26.41;22.89
2020-05-09 23:00:00;21.99;22.93;22.93
2020-05-10 00:00:00;17.84;20.7;20.7
2020-05-10 01:00:00;15.9;19.41;18.0
2020-05-10 02:00:00;14.91;19.1;15.5
2020-05-10 03:00:00;14.5;18.29;9.0
2020-05-10 04:00:00;14.29;16.43;9.17
2020-05-10 05:00:00;13.8;16.0;9.27
2020-05-10 06:00:00;13.53;15.0;6.7
2020-05-10 07:00:00;12.77;12.76;7.96
2020-05-10 08:00:00;13.63;14.01;7.97
2020-05-10 09:00:00;12.77;13.77;13.0
2020-05-10 10:00:00;12.48;12.64;12.64
2020-05-10 11:00:00;12.79;12.46;12.46
2020-05-10 12:00:00;12.74;11.72;11.72
2020-05-10 13:00:00;9.9;6.0;6.0
2020-05-10 14:00:00;7.18;2.36;2.36
2020-05-10 15:00:00;5.45;0.93;0.93
2020-05-10 16:00:00;4.99;2.97;2.97
2020-05-10 17:00:00;6.51;6.23;6.23
2020-05-10 18:00:00;12.26;12.1;12.1
2020-05-10 19:00:00;14.11;14.51;13.7
2020-05-10 20:00:00;14.93;14.73;13.67
2020-05-10 21:00:00;15.5;14.99;14.99
2020-05-10 22:00:00;15.03;14.7;14.7
2020-05-10 23:00:00;12.78;10.1;10.1
2020-05-11 00:00:00;8.0;5.79;5.79
2020-05-11 01:00:00;5.64;2.02;2.02
2020-05-11 02:00:00;3.11;0.13;0.13
2020-05-11 03:00:00;2.68;-0.01;-0.01
2020-05-11 04:00:00;2.95;0.02;-2.24
2020-05-11 05:00:00;4.98;3.74;-0.02
2020-05-11 06:00:00;14.46;18.96;0.04
2020-05-11 07:00:00;22.19;22.66;3.71
2020-05-11 08:00:00;23.0;24.95;11.15
2020-05-11 09:00:00;20.13;22.5;16.84
2020-05-11 10:00:00;18.08;20.14;15.81
2020-05-11 11:00:00;18.64;19.07;15.5
2020-05-11 12:00:00;15.82;16.46;16.46
2020-05-11 13:00:00;13.62;14.15;11.68
2020-05-11 14:00:00;11.07;8.71;8.71
2020-05-11 15:00:00;9.07;8.01;7.46
2020-05-11 16:00:00;9.05;8.07;7.39
2020-05-11 17:00:00;13.1;13.89;13.89
2020-05-11 18:00:00;17.02;18.33;16.98
2020-05-11 19:00:00;21.47;22.0;18.34
2020-05-11 20:00:00;20.77;22.24;19.51
2020-05-11 21:00:00;18.96;23.97;20.7
2020-05-11 22:00:00;18.63;21.85;21.85
2020-05-11 23:00:00;16.29;20.01;20.01
2020-05-12 00:00:00;17.35;21.4;21.4
2020-05-12 01:00:00;16.55;18.93;18.93
2020-05-12 02:00:00;16.44;18.06;18.06
2020-05-12 03:00:00;16.79;17.05;17.05
2020-05-12 04:00:00;16.75;16.84;16.84
2020-05-12 05:00:00;18.7;19.3;17.38
2020-05-12 06:00:00;24.7;26.53;16.81
2020-05-12 07:00:00;28.63;33.36;23.01
2020-05-12 08:00:00;27.92;26.68;25.65
2020-05-12 09:00:00;22.83;24.0;24.0
2020-05-12 10:00:00;20.48;22.54;22.54
2020-05-12 11:00:00;19.07;22.0;22.0
2020-05-12 12:00:00;17.47;20.0;20.0
2020-05-12 13:00:00;16.56;18.03;18.03
2020-05-12 14:00:00;16.06;17.03;17.03
2020-05-12 15:00:00;16.25;17.05;17.05
2020-05-12 16:00:00;17.08;17.1;17.1
2020-05-12 17:00:00;20.73;21.53;21.53
2020-05-12 18:00:00;24.18;25.28;25.28
2020-05-12 19:00:00;28.25;27.83;27.83
2020-05-12 20:00:00;29.01;28.76;27.94
2020-05-12 21:00:00;27.51;26.52;26.52
2020-05-12 22:00:00;25.24;25.15;25.15
2020-05-12 23:00:00;22.17;23.6;23.6
2020-05-14 00:00:00;19.25;19.05;19.05
2020-05-14 01:00:00;18.34;17.53;17.53
2020-05-14 02:00:00;17.91;17.03;16.22
2020-05-14 03:00:00;17.53;17.07;12.51
2020-05-14 04:00:00;17.76;17.07;10.82
2020-05-14 05:00:00;18.77;19.71;10.26
2020-05-14 06:00:00;21.62;24.08;15.23
2020-05-14 07:00:00;26.1;27.39;22.51
2020-05-14 08:00:00;26.91;27.97;22.03
2020-05-14 09:00:00;25.05;23.0;23.0
2020-05-14 10:00:00;23.07;22.65;22.65
2020-05-14 11:00:00;22.7;21.6;21.6
2020-05-14 12:00:00;21.53;19.96;19.96
2020-05-14 13:00:00;20.23;18.63;18.63
2020-05-14 14:00:00;19.16;18.45;18.45
2020-05-14 15:00:00;18.95;18.0;18.0
2020-05-14 16:00:00;18.66;18.0;18.0
2020-05-14 17:00:00;21.16;19.99;15.31
2020-05-14 18:00:00;24.03;22.05;18.11
2020-05-14 19:00:00;25.48;24.92;21.03
2020-05-14 20:00:00;25.43;25.9;23.01
2020-05-14 21:00:00;24.07;25.25;22.27
2020-05-14 22:00:00;23.32;21.85;21.85
2020-05-14 23:00:00;21.12;18.86;18.86
2020-05-15 00:00:00;19.25;19.05;19.05
2020-05-15 01:00:00;18.34;17.53;17.53
2020-05-15 02:00:00;17.91;17.03;16.22
2020-05-15 03:00:00;17.53;17.07;12.51
2020-05-15 04:00:00;17.76;17.07;10.82
2020-05-15 05:00:00;18.77;19.71;10.26
2020-05-15 06:00:00;21.62;24.08;15.23
2020-05-15 07:00:00;26.1;27.39;22.51
2020-05-15 08:00:00;26.91;27.97;22.03
2020-05-15 09:00:00;25.05;23.0;23.0
2020-05-15 10:00:00;23.07;22.65;22.65
2020-05-15 11:00:00;22.7;21.6;21.6
2020-05-15 12:00:00;21.53;19.96;19.96
2020-05-15 13:00:00;20.23;18.63;18.63
2020-05-15 14:00:00;19.16;18.45;18.45
2020-05-15 15:00:00;18.95;18.0;18.0
2020-05-15 16:00:00;18.66;18.0;18.0
2020-05-15 17:00:00;21.16;19.99;15.31
2020-05-15 18:00:00;24.03;22.05;18.11
2020-05-15 19:00:00;25.48;24.92;21.03
2020-05-15 20:00:00;25.43;25.9;23.01
2020-05-15 21:00:00;24.07;25.25;22.27
2020-05-15 22:00:00;23.32;21.85;21.85
2020-05-15 23:00:00;21.12;18.86;18.86
2020-05-13 00:00:00;24.48;23.92;23.92
2020-05-13 01:00:00;22.1;22.05;22.05
2020-05-13 02:00:00;21.27;20.46;20.46
2020-05-13 03:00:00;20.4;19.97;18.8
2020-05-13 04:00:00;20.48;20.16;20.16
2020-05-13 05:00:00;22.18;22.58;19.33
2020-05-13 06:00:00;26.41;32.09;20.05
2020-05-13 07:00:00;29.88;43.68;25.09
2020-05-13 08:00:00;30.98;43.09;26.25
2020-05-13 09:00:00;30.01;35.8;26.75
2020-05-13 10:00:00;28.43;35.79;26.3
2020-05-13 11:00:00;28.02;34.0;26.5
2020-05-13 12:00:00;26.45;32.44;27.75
2020-05-13 13:00:00;25.79;30.49;26.97
2020-05-13 14:00:00;25.25;28.8;25.45
2020-05-13 15:00:00;25.59;28.72;19.61
2020-05-13 16:00:00;25.81;28.33;13.77
2020-05-13 17:00:00;25.55;34.88;15.81
2020-05-13 18:00:00;26.99;34.73;18.52
2020-05-13 19:00:00;27.58;34.88;25.0
2020-05-13 20:00:00;27.82;33.5;19.27
2020-05-13 21:00:00;26.02;29.87;18.52
2020-05-13 22:00:00;23.09;23.91;23.91
2020-05-13 23:00:00;21.31;20.06;20.06
2020-05-16 00:00:00;20.31;20.0;20.0
2020-05-16 01:00:00;19.45;18.14;18.14
2020-05-16 02:00:00;18.45;17.08;17.08
2020-05-16 03:00:00;16.47;16.43;16.43
2020-05-16 04:00:00;15.19;14.95;14.95
2020-05-16 05:00:00;14.33;14.54;14.54
2020-05-16 06:00:00;14.22;14.94;14.94
2020-05-16 07:00:00;14.43;16.0;16.0
2020-05-16 08:00:00;14.16;15.71;15.71
2020-05-16 09:00:00;13.3;13.39;13.5
2020-05-16 10:00:00;12.79;10.08;12.05
2020-05-16 11:00:00;12.33;10.85;12.25
2020-05-16 12:00:00;11.79;13.27;13.72
2020-05-16 13:00:00;9.6;11.86;13.38
2020-05-16 14:00:00;7.01;8.87;10.89
2020-05-16 15:00:00;7.79;11.24;11.24
2020-05-16 16:00:00;8.42;11.03;11.03
2020-05-16 17:00:00;13.08;14.5;14.5
2020-05-16 18:00:00;18.65;20.39;19.0
2020-05-16 19:00:00;22.57;26.09;18.08
2020-05-16 20:00:00;22.55;28.58;18.38
2020-05-16 21:00:00;22.56;29.42;22.55
2020-05-16 22:00:00;22.54;26.5;23.56
2020-05-16 23:00:00;20.48;23.08;22.16
2020-05-17 00:00:00;18.05;18.93;18.93
2020-05-17 01:00:00;17.09;17.79;16.78
2020-05-17 02:00:00;15.83;15.15;15.15
2020-05-17 03:00:00;14.64;13.66;13.5
2020-05-17 04:00:00;13.15;11.89;12.98
2020-05-17 05:00:00;10.44;12.62;12.69
2020-05-17 06:00:00;10.01;8.52;8.87
2020-05-17 07:00:00;8.35;11.9;11.9
2020-05-17 08:00:00;7.4;11.61;11.61
2020-05-17 09:00:00;5.53;8.08;8.08
2020-05-17 10:00:00;2.82;1.97;1.97
2020-05-17 11:00:00;0.75;0.08;0.9
2020-05-17 12:00:00;3.68;0.96;2.8
2020-05-17 13:00:00;-7.8;-5.19;-2.69
2020-05-17 14:00:00;-15.2;-16.76;-11.79
2020-05-17 15:00:00;-15.02;-14.9;-11.19
2020-05-17 16:00:00;-1.28;-2.06;-0.7
2020-05-17 17:00:00;7.72;6.41;6.41
2020-05-17 18:00:00;14.04;16.05;16.05
2020-05-17 19:00:00;18.2;20.51;20.51
2020-05-17 20:00:00;20.59;22.18;22.18
2020-05-17 21:00:00;21.98;23.95;23.95
2020-05-17 22:00:00;21.89;23.22;23.22
2020-05-17 23:00:00;19.41;20.54;20.54
2020-05-18 00:00:00;15.52;18.0;18.0
2020-05-18 01:00:00;15.15;15.54;15.54
2020-05-18 02:00:00;14.65;14.01;14.01
2020-05-18 03:00:00;13.97;12.95;12.95
2020-05-18 04:00:00;14.09;13.97;13.2
2020-05-18 05:00:00;16.1;17.98;10.27
2020-05-18 06:00:00;19.75;24.96;12.29
2020-05-18 07:00:00;24.86;27.94;19.95
2020-05-18 08:00:00;24.56;29.91;21.46
2020-05-18 09:00:00;23.24;22.96;22.96
2020-05-18 10:00:00;20.94;18.91;18.9
2020-05-18 11:00:00;20.58;16.9;16.85
2020-05-18 12:00:00;18.58;15.36;15.33
2020-05-18 13:00:00;18.05;14.04;14.04
2020-05-18 14:00:00;17.77;13.26;13.25
2020-05-18 15:00:00;17.72;12.85;12.84
2020-05-18 16:00:00;18.08;13.44;12.57
2020-05-18 17:00:00;21.33;19.07;13.79
2020-05-18 18:00:00;22.91;22.81;20.5
2020-05-18 19:00:00;25.57;25.95;24.24
2020-05-18 20:00:00;25.26;31.9;19.12
2020-05-18 21:00:00;25.09;26.08;19.38
2020-05-18 22:00:00;23.2;23.99;23.99
2020-05-18 23:00:00;19.87;21.04;21.04
2020-05-19 00:00:00;18.68;17.05;17.05
2020-05-19 01:00:00;17.44;16.13;16.13
2020-05-19 02:00:00;16.55;16.16;16.16
2020-05-19 03:00:00;16.09;15.74;15.36
2020-05-19 04:00:00;16.3;17.01;14.88
2020-05-19 05:00:00;18.23;18.53;15.94
2020-05-19 06:00:00;23.22;22.26;15.57
2020-05-19 07:00:00;26.32;26.04;20.52
2020-05-19 08:00:00;27.47;28.18;22.68
2020-05-19 09:00:00;23.47;22.96;22.96
2020-05-19 10:00:00;20.45;20.07;20.07
2020-05-19 11:00:00;20.08;20.13;20.13
2020-05-19 12:00:00;19.16;19.31;19.31
2020-05-19 13:00:00;18.65;18.19;18.19
2020-05-19 14:00:00;17.6;17.71;17.71
2020-05-19 15:00:00;17.5;17.82;17.82
2020-05-19 16:00:00;18.3;19.03;19.03
2020-05-19 17:00:00;22.5;22.14;15.12
2020-05-19 18:00:00;27.43;28.67;24.42
2020-05-19 19:00:00;26.84;42.65;25.39
2020-05-19 20:00:00;26.64;49.98;25.16
2020-05-19 21:00:00;27.42;40.48;23.18
2020-05-19 22:00:00;25.69;29.07;24.73
2020-05-19 23:00:00;24.04;23.18;23.18
2020-05-20 00:00:00;21.39;21.24;21.24
2020-05-20 01:00:00;19.99;22.35;17.34
2020-05-20 02:00:00;19.93;21.58;18.2
2020-05-20 03:00:00;19.03;21.56;16.0
2020-05-20 04:00:00;19.94;20.67;17.38
2020-05-20 05:00:00;21.46;23.25;17.27
2020-05-20 06:00:00;22.03;44.83;14.06
2020-05-20 07:00:00;24.49;56.69;19.45
2020-05-20 08:00:00;26.83;57.0;23.95
2020-05-20 09:00:00;27.08;34.31;20.41
2020-05-20 10:00:00;26.09;28.72;21.83
2020-05-20 11:00:00;24.96;30.55;19.34
2020-05-20 12:00:00;23.6;28.09;19.89
2020-05-20 13:00:00;22.92;23.43;17.87
2020-05-20 14:00:00;23.04;22.93;16.27
2020-05-20 15:00:00;23.41;23.06;15.37
2020-05-20 16:00:00;23.27;23.24;16.26
2020-05-20 17:00:00;24.77;25.63;17.73
2020-05-20 18:00:00;24.49;33.97;21.01
2020-05-20 19:00:00;24.78;44.58;25.12
2020-05-20 20:00:00;24.47;56.3;22.6
2020-05-20 21:00:00;24.64;46.9;20.44
2020-05-20 22:00:00;24.02;35.42;24.16
2020-05-20 23:00:00;22.3;22.94;22.94
2020-05-21 00:00:00;19.35;21.37;20.5
2020-05-21 01:00:00;18.14;20.01;19.97
2020-05-21 02:00:00;17.97;17.29;17.29
2020-05-21 03:00:00;17.04;16.74;16.0
2020-05-21 04:00:00;16.82;16.84;14.01
2020-05-21 05:00:00;17.17;16.18;15.2
2020-05-21 06:00:00;17.64;17.85;13.08
2020-05-21 07:00:00;19.11;19.77;19.77
2020-05-21 08:00:00;19.01;19.56;19.56
2020-05-21 09:00:00;16.91;16.12;16.12
2020-05-21 10:00:00;15.4;14.82;14.82
2020-05-21 11:00:00;14.94;14.92;14.92
2020-05-21 12:00:00;13.93;14.81;15.0
2020-05-21 13:00:00;12.19;13.29;13.29
2020-05-21 14:00:00;10.68;12.14;12.14
2020-05-21 15:00:00;12.31;13.9;13.9
2020-05-21 16:00:00;14.73;15.47;15.47
2020-05-21 17:00:00;18.09;18.0;18.0
2020-05-21 18:00:00;20.46;22.09;19.99
2020-05-21 19:00:00;22.94;29.66;24.51
2020-05-21 20:00:00;22.28;42.66;23.23
2020-05-21 21:00:00;22.44;29.52;24.0
2020-05-21 22:00:00;20.33;24.12;24.12
2020-05-21 23:00:00;19.18;22.78;22.78
2020-05-22 00:00:00;16.19;20.0;20.0
2020-05-22 01:00:00;14.28;17.03;17.03
2020-05-22 02:00:00;13.85;15.5;15.5
2020-05-22 03:00:00;13.34;14.02;14.02
2020-05-22 04:00:00;13.73;14.15;8.55
2020-05-22 05:00:00;15.19;15.75;6.84
2020-05-22 06:00:00;19.2;20.83;6.69
2020-05-22 07:00:00;23.46;21.94;8.73
2020-05-22 08:00:00;23.26;21.92;15.24
2020-05-22 09:00:00;21.89;21.2;13.06
2020-05-22 10:00:00;18.7;16.49;13.32
2020-05-22 11:00:00;17.75;14.59;12.61
2020-05-22 12:00:00;16.22;14.69;14.41
2020-05-22 13:00:00;14.39;14.57;14.54
2020-05-22 14:00:00;14.99;16.09;12.14
2020-05-22 15:00:00;15.52;17.27;12.34
2020-05-22 16:00:00;17.24;18.35;11.66
2020-05-22 17:00:00;18.7;22.07;12.05
2020-05-22 18:00:00;22.09;22.98;17.9
2020-05-22 19:00:00;24.15;23.71;22.02
2020-05-22 20:00:00;24.61;23.35;21.57
2020-05-22 21:00:00;21.25;22.2;20.55
2020-05-22 22:00:00;19.86;22.81;22.81
2020-05-22 23:00:00;17.98;20.47;20.47
2020-05-23 00:00:00;14.81;14.01;14.01
2020-05-23 01:00:00;13.23;11.48;11.48
2020-05-23 02:00:00;13.19;10.87;10.87
2020-05-23 03:00:00;12.46;8.72;8.72
2020-05-23 04:00:00;10.93;9.37;9.37
2020-05-23 05:00:00;10.95;9.5;9.5
2020-05-23 06:00:00;10.96;12.37;12.37
2020-05-23 07:00:00;11.6;15.07;15.07
2020-05-23 08:00:00;10.84;16.57;16.57
2020-05-23 09:00:00;9.65;16.72;16.72
2020-05-23 10:00:00;9.04;15.53;15.53
2020-05-23 11:00:00;7.74;12.63;15.04
2020-05-23 12:00:00;6.48;12.7;12.7
2020-05-23 13:00:00;3.07;4.64;9.99
2020-05-23 14:00:00;-1.53;0.01;9.01
2020-05-23 15:00:00;-4.61;-0.94;6.94
2020-05-23 16:00:00;-5.07;-0.38;3.02
2020-05-23 17:00:00;2.28;0.75;6.66
2020-05-23 18:00:00;8.73;8.01;8.0
2020-05-23 19:00:00;13.25;12.2;12.2
2020-05-23 20:00:00;13.64;14.04;13.61
2020-05-23 21:00:00;13.91;13.94;13.73
2020-05-23 22:00:00;12.79;14.56;14.56
2020-05-23 23:00:00;11.76;13.99;13.99
2020-05-24 00:00:00;5.55;0.03;0.03
2020-05-24 01:00:00;1.56;-2.44;-1.42
2020-05-24 02:00:00;-1.92;-8.77;-6.72
2020-05-24 03:00:00;-6.24;-20.01;-16.97
2020-05-24 04:00:00;-8.68;-20.37;-18.57
2020-05-24 05:00:00;-10.61;-24.65;-21.77
2020-05-24 06:00:00;-8.26;-30.98;-28.1
2020-05-24 07:00:00;-7.15;-25.0;-24.9
2020-05-24 08:00:00;-7.49;-26.97;-26.11
2020-05-24 09:00:00;-14.48;-39.46;-27.76
2020-05-24 10:00:00;-33.08;-63.04;-21.15
2020-05-24 11:00:00;-37.83;-63.06;-0.01
2020-05-24 12:00:00;-30.67;-70.04;0.0
2020-05-24 13:00:00;-49.34;-74.97;-5.58
2020-05-24 14:00:00;-59.61;-74.97;-41.98
2020-05-24 15:00:00;-55.7;-69.99;-48.17
2020-05-24 16:00:00;-41.52;-57.74;-39.93
2020-05-24 17:00:00;-13.69;-16.98;-5.58
2020-05-24 18:00:00;7.56;1.54;10.7
2020-05-24 19:00:00;12.46;8.03;15.67
2020-05-24 20:00:00;14.21;14.0;15.63
2020-05-24 21:00:00;13.98;14.39;14.58
2020-05-24 22:00:00;13.71;16.31;17.97
2020-05-24 23:00:00;13.12;8.0;17.85
2020-05-25 00:00:00;9.06;13.01;15.26
2020-05-25 01:00:00;8.26;12.03;12.67
2020-05-25 02:00:00;5.86;8.03;9.42
2020-05-25 03:00:00;3.81;7.59;8.58
2020-05-25 04:00:00;4.71;7.73;7.91
2020-05-25 05:00:00;9.55;9.99;9.99
2020-05-25 06:00:00;14.98;16.02;16.02
2020-05-25 07:00:00;19.51;21.09;18.44
2020-05-25 08:00:00;19.15;22.06;22.06
2020-05-25 09:00:00;17.98;20.92;20.57
2020-05-25 10:00:00;14.75;20.0;20.0
2020-05-25 11:00:00;14.9;20.94;19.18
2020-05-25 12:00:00;14.12;17.5;17.5
2020-05-25 13:00:00;14.17;15.47;15.47
2020-05-25 14:00:00;12.93;14.38;14.38
2020-05-25 15:00:00;12.68;14.0;14.0
2020-05-25 16:00:00;13.57;15.75;13.08
2020-05-25 17:00:00;19.05;18.9;14.93
2020-05-25 18:00:00;22.51;23.53;20.15
2020-05-25 19:00:00;25.63;26.08;24.1
2020-05-25 20:00:00;25.95;38.32;24.01
2020-05-25 21:00:00;26.57;34.35;22.0
2020-05-25 22:00:00;25.22;26.25;23.96
2020-05-25 23:00:00;21.72;23.19;21.04
2020-05-26 00:00:00;21.44;21.1;21.1
2020-05-26 01:00:00;20.37;22.63;13.86
2020-05-26 02:00:00;19.64;21.41;10.34
2020-05-26 03:00:00;19.41;21.49;9.3
2020-05-26 04:00:00;19.08;22.65;10.64
2020-05-26 05:00:00;21.31;22.72;13.38
2020-05-26 06:00:00;22.12;34.94;15.52
2020-05-26 07:00:00;24.19;40.05;19.45
2020-05-26 08:00:00;24.77;34.65;18.88
2020-05-26 09:00:00;23.09;24.21;16.93
2020-05-26 10:00:00;22.83;22.59;17.84
2020-05-26 11:00:00;22.25;21.97;17.19
2020-05-26 12:00:00;21.55;21.0;19.3
2020-05-26 13:00:00;20.35;19.75;17.7
2020-05-26 14:00:00;20.34;19.98;13.4
2020-05-26 15:00:00;21.04;20.91;10.35
2020-05-26 16:00:00;21.51;21.0;11.28
2020-05-26 17:00:00;22.21;24.2;17.08
2020-05-26 18:00:00;22.09;31.29;15.75
2020-05-26 19:00:00;23.01;47.9;21.67
2020-05-26 20:00:00;23.66;50.15;20.17
2020-05-26 21:00:00;23.76;35.95;17.83
2020-05-26 22:00:00;23.07;31.51;23.59
2020-05-26 23:00:00;22.57;24.15;22.0
2020-05-27 00:00:00;22.93;23.15;21.09
2020-05-27 01:00:00;21.03;21.68;15.2
2020-05-27 02:00:00;20.33;21.4;19.05
2020-05-27 03:00:00;20.16;21.92;16.07
2020-05-27 04:00:00;20.07;21.99;13.5
2020-05-27 05:00:00;21.23;22.54;10.21
2020-05-27 06:00:00;23.37;26.05;14.93
2020-05-27 07:00:00;24.4;31.94;24.5
2020-05-27 08:00:00;25.14;26.85;26.85
2020-05-27 09:00:00;23.24;24.1;24.1
2020-05-27 10:00:00;21.4;21.16;21.16
2020-05-27 11:00:00;21.01;23.08;20.07
2020-05-27 12:00:00;18.72;22.04;22.04
2020-05-27 13:00:00;17.31;20.71;20.71
2020-05-27 14:00:00;17.26;20.0;20.0
2020-05-27 15:00:00;17.56;19.99;19.99
2020-05-27 16:00:00;17.11;19.65;15.84
2020-05-27 17:00:00;19.05;21.4;16.19
2020-05-27 18:00:00;22.91;22.76;20.71
2020-05-27 19:00:00;25.3;24.92;23.88
2020-05-27 20:00:00;25.36;25.54;21.58
2020-05-27 21:00:00;25.37;23.99;15.46
2020-05-27 22:00:00;23.56;22.65;22.65
2020-05-27 23:00:00;20.75;20.02;20.02
2020-05-28 00:00:00;17.7;18.09;18.09
2020-05-28 01:00:00;16.52;16.31;14.17
2020-05-28 02:00:00;15.43;16.2;10.27
2020-05-28 03:00:00;15.0;15.92;13.84
2020-05-28 04:00:00;15.23;16.16;11.63
2020-05-28 05:00:00;16.26;18.03;13.95
2020-05-28 06:00:00;20.33;22.94;17.4
2020-05-28 07:00:00;23.75;25.55;17.5
2020-05-28 08:00:00;24.03;25.16;21.81
2020-05-28 09:00:00;22.19;22.99;18.89
2020-05-28 10:00:00;19.89;20.15;19.32
2020-05-28 11:00:00;20.12;18.95;18.95
2020-05-28 12:00:00;17.89;18.0;18.0
2020-05-28 13:00:00;16.54;17.03;16.71
2020-05-28 14:00:00;15.94;16.9;15.7
2020-05-28 15:00:00;15.73;16.19;15.13
2020-05-28 16:00:00;16.25;15.48;15.48
2020-05-28 17:00:00;18.07;19.99;13.04
2020-05-28 18:00:00;22.32;22.99;19.45
2020-05-28 19:00:00;25.18;26.15;24.99
2020-05-28 20:00:00;25.47;26.11;21.37
2020-05-28 21:00:00;24.06;27.16;13.58
2020-05-28 22:00:00;22.06;25.05;23.47
2020-05-28 23:00:00;21.08;22.39;20.76
2020-05-29 00:00:00;21.54;19.42;15.3
2020-05-29 01:00:00;19.95;18.88;13.28
2020-05-29 02:00:00;19.35;18.22;11.49
2020-05-29 03:00:00;19.31;19.07;10.14
2020-05-29 04:00:00;19.87;19.43;10.89
2020-05-29 05:00:00;21.15;22.36;13.0
2020-05-29 06:00:00;23.97;27.92;12.86
2020-05-29 07:00:00;26.3;37.2;17.16
2020-05-29 08:00:00;26.77;30.92;24.18
2020-05-29 09:00:00;23.43;24.4;19.08
2020-05-29 10:00:00;22.52;22.35;18.16
2020-05-29 11:00:00;22.36;20.68;20.68
2020-05-29 12:00:00;21.76;19.91;18.08
2020-05-29 13:00:00;20.62;19.04;16.52
2020-05-29 14:00:00;20.0;16.15;15.01
2020-05-29 15:00:00;20.31;17.3;15.52
2020-05-29 16:00:00;20.87;18.1;8.62
2020-05-29 17:00:00;22.2;22.85;10.36
2020-05-29 18:00:00;24.1;25.68;19.88
2020-05-29 19:00:00;25.16;26.49;25.0
2020-05-29 20:00:00;24.95;25.79;24.3
2020-05-29 21:00:00;24.1;25.97;17.54
2020-05-29 22:00:00;23.68;24.16;24.16
2020-05-29 23:00:00;22.08;22.32;22.32
2020-05-30 00:00:00;18.29;18.27;18.27
2020-05-30 01:00:00;17.05;15.55;15.55
2020-05-30 02:00:00;15.97;15.06;15.06
2020-05-30 03:00:00;15.39;15.0;11.2
2020-05-30 04:00:00;15.03;14.55;12.95
2020-05-30 05:00:00;15.4;15.0;11.14
2020-05-30 06:00:00;15.6;14.4;11.63
2020-05-30 07:00:00;16.97;15.04;9.7
2020-05-30 08:00:00;16.86;13.0;13.0
2020-05-30 09:00:00;14.32;12.0;12.0
2020-05-30 10:00:00;10.03;9.33;9.33
2020-05-30 11:00:00;8.07;7.17;7.17
2020-05-30 12:00:00;7.89;9.44;9.44
2020-05-30 13:00:00;5.93;4.8;4.8
2020-05-30 14:00:00;5.94;2.61;2.61
2020-05-30 15:00:00;5.41;2.17;2.17
2020-05-30 16:00:00;6.89;4.61;4.61
2020-05-30 17:00:00;10.63;9.06;9.06
2020-05-30 18:00:00;15.1;15.33;15.33
2020-05-30 19:00:00;18.37;17.58;17.58
2020-05-30 20:00:00;17.62;17.46;17.46
2020-05-30 21:00:00;17.66;18.28;15.5
2020-05-30 22:00:00;17.26;17.91;17.91
2020-05-30 23:00:00;16.71;17.26;17.26
2020-05-31 00:00:00;12.75;11.88;11.88
2020-05-31 01:00:00;10.34;11.6;11.6
2020-05-31 02:00:00;9.04;11.76;11.76
2020-05-31 03:00:00;7.96;11.09;11.09
2020-05-31 04:00:00;6.82;8.83;8.83
2020-05-31 05:00:00;6.98;7.15;7.15
2020-05-31 06:00:00;6.69;5.56;5.56
2020-05-31 07:00:00;7.49;6.12;6.12
2020-05-31 08:00:00;8.93;2.58;2.58
2020-05-31 09:00:00;6.71;2.7;2.7
2020-05-31 10:00:00;5.74;0.1;0.1
2020-05-31 11:00:00;4.54;1.05;1.05
2020-05-31 12:00:00;2.07;0.85;0.85
2020-05-31 13:00:00;-7.06;-7.68;-7.68
2020-05-31 14:00:00;-17.58;-35.51;-33.05
2020-05-31 15:00:00;-17.3;-45.05;-40.79
2020-05-31 16:00:00;-9.05;-20.22;-17.79
2020-05-31 17:00:00;1.68;-0.1;0.06
2020-05-31 18:00:00;9.05;4.98;4.98
2020-05-31 19:00:00;13.01;12.54;12.54
2020-05-31 20:00:00;11.85;12.57;12.93
2020-05-31 21:00:00;12.48;13.38;13.58
2020-05-31 22:00:00;13.3;12.59;15.2
2020-05-31 23:00:00;12.41;11.1;12.93
2020-06-01 00:00:00;8.08;8.15;10.83
2020-06-01 01:00:00;8.96;8.93;9.12
2020-06-01 02:00:00;9.01;9.8;9.8
2020-06-01 03:00:00;8.97;6.07;6.07
2020-06-01 04:00:00;7.41;4.07;4.07
2020-06-01 05:00:00;5.94;5.77;5.77
2020-06-01 06:00:00;6.01;7.31;7.31
2020-06-01 07:00:00;8.91;10.05;10.05
2020-06-01 08:00:00;8.29;10.96;10.96
2020-06-01 09:00:00;4.22;9.17;9.17
2020-06-01 10:00:00;2.96;4.01;4.01
2020-06-01 11:00:00;-1.22;1.71;1.71
2020-06-01 12:00:00;-4.96;3.04;3.04
2020-06-01 13:00:00;-12.46;-20.51;-2.93
2020-06-01 14:00:00;-17.3;-48.17;-9.96
2020-06-01 15:00:00;-11.4;-15.47;-6.24
2020-06-01 16:00:00;0.72;0.47;1.02
2020-06-01 17:00:00;9.03;11.53;11.53
2020-06-01 18:00:00;15.01;16.57;16.57
2020-06-01 19:00:00;18.1;22.0;22.0
2020-06-01 20:00:00;18.95;23.05;20.02
2020-06-01 21:00:00;18.13;22.91;20.02
2020-06-01 22:00:00;17.71;23.37;23.37
2020-06-01 23:00:00;16.18;20.9;20.9
2020-06-02 00:00:00;15.91;18.08;18.08
2020-06-02 01:00:00;15.24;16.33;16.33
2020-06-02 02:00:00;14.07;14.99;14.99
2020-06-02 03:00:00;13.92;14.65;14.65
2020-06-02 04:00:00;15.1;15.92;12.88
2020-06-02 05:00:00;15.92;19.96;14.06
2020-06-02 06:00:00;21.03;29.37;19.68
2020-06-02 07:00:00;21.46;47.66;15.91
2020-06-02 08:00:00;22.06;42.29;22.86
2020-06-02 09:00:00;21.58;24.1;24.1
2020-06-02 10:00:00;20.58;21.86;21.86
2020-06-02 11:00:00;19.6;21.45;21.45
2020-06-02 12:00:00;18.94;20.91;20.91
2020-06-02 13:00:00;17.78;19.54;19.54
2020-06-02 14:00:00;17.44;19.02;19.02
2020-06-02 15:00:00;17.7;18.06;18.06
2020-06-02 16:00:00;17.91;20.09;20.09
2020-06-02 17:00:00;20.04;26.02;24.01
2020-06-02 18:00:00;22.02;41.7;24.07
2020-06-02 19:00:00;22.79;53.65;25.36
2020-06-02 20:00:00;22.71;60.75;24.19
2020-06-02 21:00:00;21.56;49.95;22.82
2020-06-02 22:00:00;22.82;37.92;26.94
2020-06-02 23:00:00;22.17;25.92;25.92
2020-06-03 00:00:00;22.38;25.54;25.54
2020-06-03 01:00:00;21.25;24.0;24.0
2020-06-03 02:00:00;20.4;22.72;22.72
2020-06-03 03:00:00;19.74;20.87;20.87
2020-06-03 04:00:00;19.3;20.24;14.06
2020-06-03 05:00:00;21.25;21.17;14.4
2020-06-03 06:00:00;23.01;31.82;19.23
2020-06-03 07:00:00;24.54;51.41;27.71
2020-06-03 08:00:00;28.04;36.06;33.62
2020-06-03 09:00:00;25.48;31.07;31.07
2020-06-03 10:00:00;24.64;28.72;28.72
2020-06-03 11:00:00;24.45;28.0;28.0
2020-06-03 12:00:00;23.01;27.23;27.23
2020-06-03 13:00:00;22.6;25.27;25.27
2020-06-03 14:00:00;22.55;25.58;25.58
2020-06-03 15:00:00;22.74;26.04;26.04
2020-06-03 16:00:00;22.34;25.78;25.78
2020-06-03 17:00:00;24.47;26.18;26.18
2020-06-03 18:00:00;26.17;29.68;27.5
2020-06-03 19:00:00;27.99;40.17;30.69
2020-06-03 20:00:00;28.0;40.1;29.0
2020-06-03 21:00:00;25.7;32.6;26.0
2020-06-03 22:00:00;25.51;27.91;26.2
2020-06-03 23:00:00;23.04;23.99;23.99
2020-06-04 00:00:00;22.84;22.17;22.17
2020-06-04 01:00:00;20.88;20.98;17.54
2020-06-04 02:00:00;20.28;19.61;17.28
2020-06-04 03:00:00;19.28;20.15;16.5
2020-06-04 04:00:00;20.31;20.36;15.33
2020-06-04 05:00:00;20.82;23.83;14.9
2020-06-04 06:00:00;25.58;28.13;20.43
2020-06-04 07:00:00;26.68;33.64;26.85
2020-06-04 08:00:00;28.95;43.97;31.06
2020-06-04 09:00:00;29.63;33.25;33.04
2020-06-04 10:00:00;30.0;31.82;31.82
2020-06-04 11:00:00;29.18;31.77;31.77
2020-06-04 12:00:00;27.16;30.5;30.5
2020-06-04 13:00:00;25.07;28.93;28.1
2020-06-04 14:00:00;24.51;26.13;22.17
2020-06-04 15:00:00;24.1;26.0;19.0
2020-06-04 16:00:00;24.02;25.7;16.28
2020-06-04 17:00:00;24.03;26.38;16.0
2020-06-04 18:00:00;25.55;28.2;18.39
2020-06-04 19:00:00;26.73;26.07;22.0
2020-06-04 20:00:00;26.8;25.0;23.74
2020-06-04 21:00:00;24.78;23.94;23.94
2020-06-04 22:00:00;22.59;22.69;22.69
2020-06-04 23:00:00;20.36;18.04;20.11
2020-06-05 00:00:00;20.34;17.25;17.25
2020-06-05 01:00:00;19.75;16.8;16.8
2020-06-05 02:00:00;18.97;17.06;17.06
2020-06-05 03:00:00;18.07;15.99;15.99
2020-06-05 04:00:00;17.96;15.61;15.61
2020-06-05 05:00:00;20.2;17.09;12.81
2020-06-05 06:00:00;26.01;24.41;10.02
2020-06-05 07:00:00;28.55;28.96;19.28
2020-06-05 08:00:00;29.94;37.07;29.4
2020-06-05 09:00:00;29.09;33.07;29.2
2020-06-05 10:00:00;28.52;28.4;22.92
2020-06-05 11:00:00;27.19;31.42;18.67
2020-06-05 12:00:00;25.17;26.43;19.82
2020-06-05 13:00:00;24.82;24.0;11.47
2020-06-05 14:00:00;22.91;22.5;7.22
2020-06-05 15:00:00;23.08;23.02;6.99
2020-06-05 16:00:00;23.39;23.6;4.92
2020-06-05 17:00:00;24.09;25.65;12.36
2020-06-05 18:00:00;26.6;27.91;19.59
2020-06-05 19:00:00;27.83;27.99;25.12
2020-06-05 20:00:00;27.4;27.03;25.62
2020-06-05 21:00:00;25.03;25.89;24.33
2020-06-05 22:00:00;22.56;25.89;25.89
2020-06-05 23:00:00;20.0;20.16;20.16
2020-06-06 00:00:00;10.46;7.69;10.07
2020-06-06 01:00:00;6.97;1.46;3.73
2020-06-06 02:00:00;4.73;-0.09;0.2
2020-06-06 03:00:00;2.33;0.03;0.13
2020-06-06 04:00:00;4.09;1.44;1.44
2020-06-06 05:00:00;2.4;1.35;1.35
2020-06-06 06:00:00;5.38;0.08;0.08
2020-06-06 07:00:00;9.1;2.81;2.81
2020-06-06 08:00:00;11.01;5.79;5.79
2020-06-06 09:00:00;11.53;5.65;5.65
2020-06-06 10:00:00;9.03;4.22;4.25
2020-06-06 11:00:00;8.59;2.42;2.44
2020-06-06 12:00:00;6.77;0.06;6.67
2020-06-06 13:00:00;4.06;-4.9;0.94
2020-06-06 14:00:00;0.93;-3.46;-3.46
2020-06-06 15:00:00;1.09;-1.71;-1.71
2020-06-06 16:00:00;4.99;0.05;0.05
2020-06-06 17:00:00;12.98;9.78;9.78
2020-06-06 18:00:00;18.97;16.42;16.42
2020-06-06 19:00:00;23.09;21.23;21.23
2020-06-06 20:00:00;23.98;23.27;23.27
2020-06-06 21:00:00;23.12;22.98;22.98
2020-06-06 22:00:00;23.8;23.91;23.91
2020-06-06 23:00:00;20.2;19.96;20.61
2020-06-07 00:00:00;16.13;21.04;21.04
2020-06-07 01:00:00;14.27;17.21;18.85
2020-06-07 02:00:00;13.56;14.93;14.93
2020-06-07 03:00:00;9.97;12.63;12.63
2020-06-07 04:00:00;8.5;10.92;10.92
2020-06-07 05:00:00;7.9;10.96;10.96
2020-06-07 06:00:00;8.37;10.88;10.88
2020-06-07 07:00:00;9.91;14.04;14.04
2020-06-07 08:00:00;9.96;15.36;15.36
2020-06-07 09:00:00;9.99;16.0;16.0
2020-06-07 10:00:00;9.07;15.7;15.7
2020-06-07 11:00:00;9.05;16.06;16.06
2020-06-07 12:00:00;9.07;16.94;16.94
2020-06-07 13:00:00;7.86;13.37;13.37
2020-06-07 14:00:00;6.28;10.76;10.76
2020-06-07 15:00:00;6.04;10.64;10.64
2020-06-07 16:00:00;7.87;13.64;13.64
2020-06-07 17:00:00;10.98;17.0;17.0
2020-06-07 18:00:00;20.12;21.06;21.06
2020-06-07 19:00:00;25.09;25.36;22.35
2020-06-07 20:00:00;26.9;28.56;25.24
2020-06-07 21:00:00;27.06;29.14;28.32
2020-06-07 22:00:00;27.02;32.33;32.09
2020-06-07 23:00:00;23.8;28.91;28.91
2020-06-08 00:00:00;24.93;26.0;26.0
2020-06-08 01:00:00;23.05;22.7;22.7
2020-06-08 02:00:00;22.04;22.01;22.01
2020-06-08 03:00:00;21.05;21.36;21.36
2020-06-08 04:00:00;20.92;21.25;20.02
2020-06-08 05:00:00;24.11;23.03;23.03
2020-06-08 06:00:00;29.19;33.45;23.52
2020-06-08 07:00:00;33.33;41.92;32.43
2020-06-08 08:00:00;37.93;40.25;35.0
2020-06-08 09:00:00;38.07;34.76;34.76
2020-06-08 10:00:00;38.72;33.95;33.95
2020-06-08 11:00:00;35.88;35.0;35.0
2020-06-08 12:00:00;33.79;33.0;33.0
2020-06-08 13:00:00;32.2;31.93;31.93
2020-06-08 14:00:00;32.17;30.2;30.2
2020-06-08 15:00:00;31.86;29.28;29.28
2020-06-08 16:00:00;31.73;29.08;29.08
2020-06-08 17:00:00;32.86;33.31;30.0
2020-06-08 18:00:00;32.59;38.85;33.05
2020-06-08 19:00:00;32.91;38.65;37.55
2020-06-08 20:00:00;33.01;35.23;33.22
2020-06-08 21:00:00;32.05;34.6;31.18
2020-06-08 22:00:00;32.93;33.05;32.09
2020-06-08 23:00:00;31.21;30.0;30.0
2020-06-09 00:00:00;28.06;28.39;28.39
2020-06-09 01:00:00;26.06;25.79;25.79
2020-06-09 02:00:00;25.04;24.08;24.08
2020-06-09 03:00:00;25.06;23.67;23.67
2020-06-09 04:00:00;25.07;23.48;23.07
2020-06-09 05:00:00;26.1;25.27;22.74
2020-06-09 06:00:00;29.98;33.43;28.64
2020-06-09 07:00:00;33.58;43.85;31.49
2020-06-09 08:00:00;36.5;52.31;32.93
2020-06-09 09:00:00;37.24;42.46;35.0
2020-06-09 10:00:00;35.42;46.62;30.89
2020-06-09 11:00:00;36.42;46.68;30.91
2020-06-09 12:00:00;35.08;44.12;31.29
2020-06-09 13:00:00;34.09;39.11;31.09
2020-06-09 14:00:00;33.7;36.39;30.0
2020-06-09 15:00:00;33.11;33.49;28.75
2020-06-09 16:00:00;33.09;33.76;27.01
2020-06-09 17:00:00;32.06;41.61;27.9
2020-06-09 18:00:00;33.74;45.21;33.0
2020-06-09 19:00:00;35.23;48.07;40.0
2020-06-09 20:00:00;34.21;43.09;34.8
2020-06-09 21:00:00;32.54;37.47;32.83
2020-06-09 22:00:00;32.26;32.83;32.83
2020-06-09 23:00:00;29.5;29.06;29.06
2020-06-10 00:00:00;26.87;26.09;26.09
2020-06-10 01:00:00;24.4;24.2;24.2
2020-06-10 02:00:00;23.08;22.61;22.61
2020-06-10 03:00:00;22.38;21.49;21.49
2020-06-10 04:00:00;22.57;22.58;21.36
2020-06-10 05:00:00;24.2;24.15;22.07
2020-06-10 06:00:00;31.43;29.41;27.67
2020-06-10 07:00:00;33.58;35.5;32.02
2020-06-10 08:00:00;34.69;42.15;34.32
2020-06-10 09:00:00;35.07;41.06;34.89
2020-06-10 10:00:00;34.35;40.4;34.05
2020-06-10 11:00:00;35.05;35.81;35.0
2020-06-10 12:00:00;33.38;34.9;34.9
2020-06-10 13:00:00;32.76;34.14;34.14
2020-06-10 14:00:00;31.11;32.4;32.4
2020-06-10 15:00:00;30.31;31.3;31.3
2020-06-10 16:00:00;29.44;30.24;30.24
2020-06-10 17:00:00;30.71;31.87;30.5
2020-06-10 18:00:00;32.88;33.77;33.77
2020-06-10 19:00:00;34.85;34.91;34.91
2020-06-10 20:00:00;32.9;33.05;33.05
2020-06-10 21:00:00;30.64;31.5;31.5
2020-06-10 22:00:00;29.03;31.45;31.45
2020-06-10 23:00:00;25.45;27.77;27.77
2020-06-11 00:00:00;24.66;26.06;26.06
2020-06-11 01:00:00;23.21;22.75;22.75
2020-06-11 02:00:00;21.7;21.07;21.07
2020-06-11 03:00:00;20.22;19.43;19.43
2020-06-11 04:00:00;20.27;18.96;18.96
2020-06-11 05:00:00;21.03;18.96;18.96
2020-06-11 06:00:00;23.59;21.56;21.56
2020-06-11 07:00:00;27.5;26.06;26.06
2020-06-11 08:00:00;30.84;30.0;30.0
2020-06-11 09:00:00;30.22;28.96;28.96
2020-06-11 10:00:00;28.04;26.06;26.06
2020-06-11 11:00:00;27.8;25.51;25.51
2020-06-11 12:00:00;26.37;23.89;23.89
2020-06-11 13:00:00;25.02;21.99;21.99
2020-06-11 14:00:00;24.21;20.5;20.5
2020-06-11 15:00:00;23.95;19.1;19.1
2020-06-11 16:00:00;24.07;19.28;19.28
2020-06-11 17:00:00;25.31;23.07;23.07
2020-06-11 18:00:00;29.46;26.08;26.08
2020-06-11 19:00:00;31.41;30.65;30.65
2020-06-11 20:00:00;31.19;30.17;30.17
2020-06-11 21:00:00;29.23;27.09;27.09
2020-06-11 22:00:00;27.24;26.51;26.51
2020-06-11 23:00:00;24.43;23.81;23.81
2020-06-12 00:00:00;22.58;20.72;20.72
2020-06-12 01:00:00;20.97;17.96;17.96
2020-06-12 02:00:00;19.76;17.09;17.09
2020-06-12 03:00:00;17.97;16.01;16.01
2020-06-12 04:00:00;17.94;16.0;16.0
2020-06-12 05:00:00;19.27;18.08;16.64
2020-06-12 06:00:00;22.74;22.92;19.14
2020-06-12 07:00:00;26.02;25.1;22.77
2020-06-12 08:00:00;28.52;26.01;26.01
2020-06-12 09:00:00;26.1;23.23;23.23
2020-06-12 10:00:00;23.65;21.07;21.07
2020-06-12 11:00:00;23.04;20.5;20.5
2020-06-12 12:00:00;21.44;19.45;19.45
2020-06-12 13:00:00;19.79;15.2;18.21
2020-06-12 14:00:00;19.15;16.19;17.71
2020-06-12 15:00:00;20.24;16.14;16.25
2020-06-12 16:00:00;19.63;17.4;17.4
2020-06-12 17:00:00;22.45;20.06;20.06
2020-06-12 18:00:00;24.82;23.53;23.53
2020-06-12 19:00:00;28.28;27.51;27.51
2020-06-12 20:00:00;27.02;26.22;26.22
2020-06-12 21:00:00;24.78;24.7;24.7
2020-06-12 22:00:00;23.91;25.46;25.46
2020-06-12 23:00:00;22.36;20.78;23.0
2020-06-13 00:00:00;21.56;20.98;20.98
2020-06-13 01:00:00;20.07;19.44;19.44
2020-06-13 02:00:00;19.03;18.7;18.7
2020-06-13 03:00:00;18.09;18.8;18.8
2020-06-13 04:00:00;17.9;19.0;19.0
2020-06-13 05:00:00;17.96;18.9;18.9
2020-06-13 06:00:00;18.54;19.33;19.33
2020-06-13 07:00:00;19.53;19.86;19.86
2020-06-13 08:00:00;21.14;20.0;20.0
2020-06-13 09:00:00;20.66;19.1;19.1
2020-06-13 10:00:00;19.15;18.5;18.5
2020-06-13 11:00:00;18.77;18.11;18.11
2020-06-13 12:00:00;18.34;16.47;18.98
2020-06-13 13:00:00;16.09;16.25;18.5
2020-06-13 14:00:00;15.68;15.89;16.81
2020-06-13 15:00:00;15.36;15.84;15.84
2020-06-13 16:00:00;16.92;17.5;17.5
2020-06-13 17:00:00;19.59;18.5;18.5
2020-06-13 18:00:00;23.08;21.93;21.93
2020-06-13 19:00:00;25.92;24.87;24.87
2020-06-13 20:00:00;26.93;25.96;25.96
2020-06-13 21:00:00;25.88;24.42;24.42
2020-06-13 22:00:00;25.5;24.85;24.85
2020-06-13 23:00:00;23.69;23.06;25.37
2020-06-14 00:00:00;21.05;18.53;23.35
2020-06-14 01:00:00;17.64;16.8;20.64
2020-06-14 02:00:00;16.52;14.91;19.03
2020-06-14 03:00:00;13.64;13.82;16.44
2020-06-14 04:00:00;12.7;14.84;15.34
2020-06-14 05:00:00;12.71;14.04;15.44
2020-06-14 06:00:00;11.78;14.94;14.94
2020-06-14 07:00:00;14.05;15.3;15.3
2020-06-14 08:00:00;17.56;15.0;15.0
2020-06-14 09:00:00;18.33;18.54;18.54
2020-06-14 10:00:00;17.88;19.07;19.07
2020-06-14 11:00:00;18.03;20.74;20.74
2020-06-14 12:00:00;17.26;19.73;19.73
2020-06-14 13:00:00;15.86;17.97;17.97
2020-06-14 14:00:00;13.96;15.14;15.14
2020-06-14 15:00:00;13.77;14.49;14.49
2020-06-14 16:00:00;14.72;14.8;14.8
2020-06-14 17:00:00;17.2;17.7;17.7
2020-06-14 18:00:00;20.81;21.08;21.08
2020-06-14 19:00:00;23.02;23.8;23.8
2020-06-14 20:00:00;24.06;25.97;25.97
2020-06-14 21:00:00;24.09;25.87;25.87
2020-06-14 22:00:00;24.06;27.91;27.91
2020-06-14 23:00:00;22.65;23.17;26.01
2020-06-15 00:00:00;21.6;23.07;23.07
2020-06-15 01:00:00;19.01;20.65;20.65
2020-06-15 02:00:00;17.76;19.06;19.06
2020-06-15 03:00:00;16.41;18.02;18.02
2020-06-15 04:00:00;17.47;17.4;17.4
2020-06-15 05:00:00;21.4;21.36;21.36
2020-06-15 06:00:00;29.24;29.93;29.93
2020-06-15 07:00:00;31.92;35.28;35.28
2020-06-15 08:00:00;33.99;36.05;36.05
2020-06-15 09:00:00;33.4;35.89;35.89
2020-06-15 10:00:00;32.17;34.09;34.09
2020-06-15 11:00:00;32.47;34.0;34.0
2020-06-15 12:00:00;32.12;34.1;34.1
2020-06-15 13:00:00;31.73;33.15;33.15
2020-06-15 14:00:00;30.91;31.9;31.9
2020-06-15 15:00:00;30.92;31.0;31.0
2020-06-15 16:00:00;30.1;30.52;30.52
2020-06-15 17:00:00;32.09;33.0;33.0
2020-06-15 18:00:00;33.43;38.0;38.0
2020-06-15 19:00:00;36.17;43.52;43.52
2020-06-15 20:00:00;34.98;41.07;41.07
2020-06-15 21:00:00;33.03;35.91;35.91
2020-06-15 22:00:00;33.49;36.39;36.39
2020-06-15 23:00:00;31.19;31.92;31.92
2020-06-16 00:00:00;30.07;29.86;29.86
2020-06-16 01:00:00;27.69;26.59;26.59
2020-06-16 02:00:00;26.93;25.17;25.17
2020-06-16 03:00:00;25.95;24.79;24.79
2020-06-16 04:00:00;26.19;24.34;24.34
2020-06-16 05:00:00;27.72;25.1;25.1
2020-06-16 06:00:00;32.51;31.13;29.7
2020-06-16 07:00:00;37.6;38.39;34.38
2020-06-16 08:00:00;40.55;45.9;35.21
2020-06-16 09:00:00;41.13;41.39;36.64
2020-06-16 10:00:00;40.02;39.32;36.98
2020-06-16 11:00:00;37.95;40.31;38.08
2020-06-16 12:00:00;37.14;38.75;38.75
2020-06-16 13:00:00;35.95;34.97;34.97
2020-06-16 14:00:00;34.48;32.21;32.21
2020-06-16 15:00:00;33.47;30.86;30.61
2020-06-16 16:00:00;33.43;30.66;30.0
2020-06-16 17:00:00;35.02;33.73;31.22
2020-06-16 18:00:00;40.37;38.32;35.0
2020-06-16 19:00:00;42.35;42.91;40.66
2020-06-16 20:00:00;38.77;40.66;36.61
2020-06-16 21:00:00;36.18;37.66;34.69
2020-06-16 22:00:00;36.16;34.92;34.92
2020-06-16 23:00:00;33.06;30.94;30.94
2020-06-17 00:00:00;29.97;32.05;32.05
2020-06-17 01:00:00;27.27;30.38;30.38
2020-06-17 02:00:00;25.88;28.1;28.1
2020-06-17 03:00:00;25.22;26.92;26.92
2020-06-17 04:00:00;24.67;26.53;26.53
2020-06-17 05:00:00;25.67;28.76;28.51
2020-06-17 06:00:00;31.01;35.96;31.0
2020-06-17 07:00:00;35.68;51.93;36.66
2020-06-17 08:00:00;37.8;56.52;37.88
2020-06-17 09:00:00;38.01;42.14;41.81
2020-06-17 10:00:00;36.88;38.99;38.99
2020-06-17 11:00:00;36.92;38.39;38.39
2020-06-17 12:00:00;36.01;36.03;36.03
2020-06-17 13:00:00;34.12;36.01;36.01
2020-06-17 14:00:00;31.62;35.05;35.05
2020-06-17 15:00:00;30.9;33.59;33.59
2020-06-17 16:00:00;30.34;33.0;33.0
2020-06-17 17:00:00;31.4;40.06;35.1
2020-06-17 18:00:00;34.15;45.58;40.2
2020-06-17 19:00:00;37.05;47.33;44.71
2020-06-17 20:00:00;35.13;42.32;36.59
2020-06-17 21:00:00;33.0;39.71;36.66
2020-06-17 22:00:00;32.79;36.59;36.59
2020-06-17 23:00:00;30.12;31.7;31.7
2020-06-18 00:00:00;28.46;27.74;27.74
2020-06-18 01:00:00;25.53;25.26;25.26
2020-06-18 02:00:00;24.24;23.51;23.51
2020-06-18 03:00:00;23.48;22.82;22.82
2020-06-18 04:00:00;23.35;22.92;22.92
2020-06-18 05:00:00;24.68;24.31;24.31
2020-06-18 06:00:00;29.5;28.86;28.63
2020-06-18 07:00:00;34.79;34.59;34.32
2020-06-18 08:00:00;35.18;36.59;36.29
2020-06-18 09:00:00;34.84;36.93;36.93
2020-06-18 10:00:00;33.44;36.73;36.73
2020-06-18 11:00:00;33.44;36.87;36.87
2020-06-18 12:00:00;32.23;36.21;36.21
2020-06-18 13:00:00;32.1;34.0;34.0
2020-06-18 14:00:00;30.96;32.17;32.17
2020-06-18 15:00:00;30.0;31.81;31.81
2020-06-18 16:00:00;29.76;30.72;30.72
2020-06-18 17:00:00;31.85;33.1;33.1
2020-06-18 18:00:00;34.26;35.0;35.0
2020-06-18 19:00:00;35.04;36.99;36.99
2020-06-18 20:00:00;34.91;36.3;36.3
2020-06-18 21:00:00;34.01;35.57;35.57
2020-06-18 22:00:00;32.8;34.3;34.3
2020-06-18 23:00:00;29.51;29.98;29.98
2020-06-19 00:00:00;28.95;28.1;28.1
2020-06-19 01:00:00;25.43;24.45;24.45
2020-06-19 02:00:00;24.36;23.25;23.25
2020-06-19 03:00:00;23.69;22.28;22.28
2020-06-19 04:00:00;23.51;22.2;22.2
2020-06-19 05:00:00;24.78;23.07;23.07
2020-06-19 06:00:00;30.08;30.06;30.06
2020-06-19 07:00:00;34.02;35.33;35.33
2020-06-19 08:00:00;34.75;37.8;37.8
2020-06-19 09:00:00;33.3;36.08;36.08
2020-06-19 10:00:00;32.37;34.56;34.56
2020-06-19 11:00:00;32.33;33.33;33.33
2020-06-19 12:00:00;31.68;31.22;31.22
2020-06-19 13:00:00;30.36;28.4;28.4
2020-06-19 14:00:00;28.64;26.89;27.0
2020-06-19 15:00:00;27.89;25.29;25.33
2020-06-19 16:00:00;27.46;24.07;24.07
2020-06-19 17:00:00;29.56;28.64;28.64
2020-06-19 18:00:00;32.03;32.61;32.61
2020-06-19 19:00:00;33.97;34.0;34.0
2020-06-19 20:00:00;33.65;34.22;34.22
2020-06-19 21:00:00;32.86;34.13;34.13
2020-06-19 22:00:00;32.3;35.0;35.0
2020-06-19 23:00:00;30.3;31.5;31.5
2020-06-20 00:00:00;26.68;26.7;26.7
2020-06-20 01:00:00;24.16;24.73;24.73
2020-06-20 02:00:00;22.59;22.8;22.8
2020-06-20 03:00:00;21.4;21.63;21.63
2020-06-20 04:00:00;21.29;20.48;20.48
2020-06-20 05:00:00;20.81;20.04;20.04
2020-06-20 06:00:00;21.7;21.85;21.85
2020-06-20 07:00:00;22.85;22.94;22.94
2020-06-20 08:00:00;22.52;24.17;24.17
2020-06-20 09:00:00;21.39;23.67;23.67
2020-06-20 10:00:00;19.76;22.06;22.06
2020-06-20 11:00:00;19.13;21.5;21.5
2020-06-20 12:00:00;16.45;20.5;20.5
2020-06-20 13:00:00;14.92;17.9;17.9
2020-06-20 14:00:00;13.64;15.27;15.27
2020-06-20 15:00:00;14.03;15.68;15.68
2020-06-20 16:00:00;16.08;18.98;18.98
2020-06-20 17:00:00;21.08;23.67;23.67
2020-06-20 18:00:00;24.7;28.3;28.3
2020-06-20 19:00:00;28.42;30.87;30.87
2020-06-20 20:00:00;30.45;33.0;33.0
2020-06-20 21:00:00;29.67;34.77;34.77
2020-06-20 22:00:00;30.04;34.94;34.94
2020-06-20 23:00:00;28.76;31.58;31.58
2020-06-21 00:00:00;25.01;30.11;30.11
2020-06-21 01:00:00;23.12;25.07;25.07
2020-06-21 02:00:00;20.85;22.15;22.15
2020-06-21 03:00:00;18.01;20.26;20.26
2020-06-21 04:00:00;16.51;16.2;16.2
2020-06-21 05:00:00;15.0;12.53;12.53
2020-06-21 06:00:00;15.35;10.98;10.98
2020-06-21 07:00:00;16.0;11.25;11.25
2020-06-21 08:00:00;16.74;14.0;14.0
2020-06-21 09:00:00;17.32;13.68;13.68
2020-06-21 10:00:00;16.06;15.6;15.6
2020-06-21 11:00:00;16.46;17.0;17.0
2020-06-21 12:00:00;15.3;18.62;18.62
2020-06-21 13:00:00;10.41;13.08;13.08
2020-06-21 14:00:00;9.05;8.26;8.26
2020-06-21 15:00:00;9.04;8.4;8.4
2020-06-21 16:00:00;13.06;11.65;11.65
2020-06-21 17:00:00;21.04;20.84;20.84
2020-06-21 18:00:00;26.55;24.83;24.83
2020-06-21 19:00:00;29.54;29.61;25.2
2020-06-21 20:00:00;30.83;30.2;25.6
2020-06-21 21:00:00;30.78;30.84;29.93
2020-06-21 22:00:00;32.0;32.93;32.93
2020-06-21 23:00:00;30.1;29.9;29.9
2020-06-22 00:00:00;27.02;23.57;23.57
2020-06-22 01:00:00;24.21;21.88;21.88
2020-06-22 02:00:00;22.95;20.61;20.61
2020-06-22 03:00:00;21.24;21.04;21.04
2020-06-22 04:00:00;21.09;21.5;21.5
2020-06-22 05:00:00;23.16;23.04;23.04
2020-06-22 06:00:00;30.16;30.69;30.69
2020-06-22 07:00:00;34.11;35.41;35.41
2020-06-22 08:00:00;35.31;38.58;38.58
2020-06-22 09:00:00;33.41;34.5;34.5
2020-06-22 10:00:00;30.6;33.08;33.08
2020-06-22 11:00:00;29.37;31.66;31.66
2020-06-22 12:00:00;27.35;30.04;30.14
2020-06-22 13:00:00;26.06;24.67;28.67
2020-06-22 14:00:00;24.72;24.49;28.41
2020-06-22 15:00:00;24.56;23.62;27.66
2020-06-22 16:00:00;23.98;24.59;27.0
2020-06-22 17:00:00;28.1;31.41;31.41
2020-06-22 18:00:00;33.43;34.39;34.39
2020-06-22 19:00:00;35.6;36.74;36.74
2020-06-22 20:00:00;36.48;37.63;37.63
2020-06-22 21:00:00;35.75;37.39;37.39
2020-06-22 22:00:00;34.98;36.38;36.38
2020-06-22 23:00:00;32.57;33.01;33.01
2020-06-23 00:00:00;30.09;30.0;30.0
2020-06-23 01:00:00;27.06;27.12;27.12
2020-06-23 02:00:00;26.01;25.88;25.88
2020-06-23 03:00:00;25.6;24.4;24.4
2020-06-23 04:00:00;25.2;24.43;24.43
2020-06-23 05:00:00;26.38;27.04;27.04
2020-06-23 06:00:00;32.78;35.03;34.82
2020-06-23 07:00:00;37.06;37.44;37.15
2020-06-23 08:00:00;38.96;37.16;37.16
2020-06-23 09:00:00;35.65;34.9;34.9
2020-06-23 10:00:00;33.39;31.92;31.92
2020-06-23 11:00:00;32.0;30.24;31.02
2020-06-23 12:00:00;30.85;28.79;29.6
2020-06-23 13:00:00;29.62;28.23;28.99
2020-06-23 14:00:00;29.3;27.82;28.63
2020-06-23 15:00:00;29.24;28.65;28.87
2020-06-23 16:00:00;30.54;30.0;30.0
2020-06-23 17:00:00;34.03;33.0;33.0
2020-06-23 18:00:00;37.15;36.59;36.59
2020-06-23 19:00:00;41.78;44.51;42.17
2020-06-23 20:00:00;41.56;48.65;39.5
2020-06-23 21:00:00;37.97;41.29;38.69
2020-06-23 22:00:00;37.02;38.41;38.19
2020-06-23 23:00:00;34.09;34.3;34.3
2020-06-24 00:00:00;31.0;33.02;33.02
2020-06-24 01:00:00;28.83;31.37;31.37
2020-06-24 02:00:00;28.11;27.83;27.83
2020-06-24 03:00:00;26.8;26.76;26.76
2020-06-24 04:00:00;26.58;26.86;26.86
2020-06-24 05:00:00;28.28;28.53;28.53
2020-06-24 06:00:00;34.85;37.57;31.26
2020-06-24 07:00:00;37.13;41.71;35.61
2020-06-24 08:00:00;42.6;39.03;39.03
2020-06-24 09:00:00;37.18;37.66;37.66
2020-06-24 10:00:00;33.83;36.12;36.12
2020-06-24 11:00:00;33.59;35.21;36.0
2020-06-24 12:00:00;32.99;34.84;35.9
2020-06-24 13:00:00;32.41;33.69;34.61
2020-06-24 14:00:00;31.74;32.77;33.6
2020-06-24 15:00:00;31.84;32.72;32.72
2020-06-24 16:00:00;32.0;33.98;33.98
2020-06-24 17:00:00;35.01;37.16;37.16
2020-06-24 18:00:00;38.17;40.93;40.93
2020-06-24 19:00:00;45.16;47.11;46.69
2020-06-24 20:00:00;44.16;45.65;41.19
2020-06-24 21:00:00;39.83;40.24;40.0
2020-06-24 22:00:00;37.42;38.95;38.95
2020-06-24 23:00:00;34.05;33.98;33.98
2020-06-26 00:00:00;30.17;32.47;32.47
2020-06-26 01:00:00;27.35;28.12;28.12
2020-06-26 02:00:00;26.33;25.96;25.96
2020-06-26 03:00:00;25.97;25.59;25.59
2020-06-26 04:00:00;25.69;25.63;25.63
2020-06-26 05:00:00;27.1;26.8;26.8
2020-06-26 06:00:00;34.3;34.05;34.05
2020-06-26 07:00:00;40.37;38.94;38.94
2020-06-26 08:00:00;42.41;40.13;40.13
2020-06-26 09:00:00;39.14;39.19;39.19
2020-06-26 10:00:00;36.27;36.93;37.19
2020-06-26 11:00:00;35.74;34.64;37.0
2020-06-26 12:00:00;33.08;33.12;38.02
2020-06-26 13:00:00;31.76;32.79;36.1
2020-06-26 14:00:00;31.4;32.42;33.0
2020-06-26 15:00:00;31.39;32.18;32.18
2020-06-26 16:00:00;33.05;33.28;33.28
2020-06-26 17:00:00;36.63;36.45;36.45
2020-06-26 18:00:00;39.06;40.43;40.43
2020-06-26 19:00:00;44.9;46.8;46.8
2020-06-26 20:00:00;42.65;41.96;41.7
2020-06-26 21:00:00;40.48;39.9;39.9
2020-06-26 22:00:00;38.92;40.1;40.1
2020-06-26 23:00:00;35.67;37.4;37.4
2020-06-27 00:00:00;32.43;30.32;30.32
2020-06-27 01:00:00;29.93;27.54;27.54
2020-06-27 02:00:00;28.01;26.51;26.51
2020-06-27 03:00:00;27.63;25.75;25.75
2020-06-27 04:00:00;27.11;25.43;25.43
2020-06-27 05:00:00;28.71;27.1;27.1
2020-06-27 06:00:00;34.48;34.49;34.49
2020-06-27 07:00:00;38.9;40.73;40.73
2020-06-27 08:00:00;41.26;42.09;42.09
2020-06-27 09:00:00;38.28;40.98;40.98
2020-06-27 10:00:00;37.04;38.83;39.75
2020-06-27 11:00:00;36.57;36.5;38.62
2020-06-27 12:00:00;34.69;33.31;40.1
2020-06-27 13:00:00;33.62;31.38;39.98
2020-06-27 14:00:00;32.79;29.94;38.11
2020-06-27 15:00:00;33.07;29.87;36.0
2020-06-27 16:00:00;34.14;32.4;34.76
2020-06-27 17:00:00;36.4;37.06;37.06
2020-06-27 18:00:00;39.12;39.55;39.55
2020-06-27 19:00:00;45.36;44.13;44.13
2020-06-27 20:00:00;43.58;41.23;41.23
2020-06-27 21:00:00;39.45;40.24;40.24
2020-06-27 22:00:00;37.5;38.0;38.0
2020-06-27 23:00:00;34.07;33.43;33.43
2020-06-28 00:00:00;24.65;23.93;23.93
2020-06-28 01:00:00;20.36;21.03;21.03
2020-06-28 02:00:00;18.43;16.9;16.9
2020-06-28 03:00:00;17.33;14.26;14.26
2020-06-28 04:00:00;14.92;15.48;15.48
2020-06-28 05:00:00;12.44;13.02;13.02
2020-06-28 06:00:00;12.17;12.45;12.45
2020-06-28 07:00:00;12.92;12.6;12.6
2020-06-28 08:00:00;14.96;13.36;13.36
2020-06-28 09:00:00;15.84;12.48;12.48
2020-06-28 10:00:00;15.95;14.17;14.21
2020-06-28 11:00:00;18.44;15.9;15.9
2020-06-28 12:00:00;17.84;13.71;17.16
2020-06-28 13:00:00;11.43;1.42;10.37
2020-06-28 14:00:00;8.47;0.08;8.65
2020-06-28 15:00:00;6.76;0.54;5.4
2020-06-28 16:00:00;9.52;2.22;2.23
2020-06-28 17:00:00;17.95;16.9;16.9
2020-06-28 18:00:00;24.9;25.04;25.04
2020-06-28 19:00:00;27.22;29.83;29.83
2020-06-28 20:00:00;28.11;33.04;33.04
2020-06-28 21:00:00;29.83;35.07;35.07
2020-06-28 22:00:00;31.24;36.0;36.0
2020-06-28 23:00:00;28.54;31.14;31.18
2020-06-29 00:00:00;26.76;24.02;24.02
2020-06-29 01:00:00;24.41;19.77;22.78
2020-06-29 02:00:00;21.75;17.76;19.05
2020-06-29 03:00:00;20.4;17.4;17.4
2020-06-29 04:00:00;20.43;17.6;17.6
2020-06-29 05:00:00;22.38;19.88;19.88
2020-06-29 06:00:00;30.97;26.52;26.52
2020-06-29 07:00:00;34.83;35.54;35.0
2020-06-29 08:00:00;36.09;40.45;39.04
2020-06-29 09:00:00;34.86;38.81;38.51
2020-06-29 10:00:00;33.46;35.4;35.4
2020-06-29 11:00:00;32.85;34.03;34.03
2020-06-29 12:00:00;31.27;29.35;32.58
2020-06-29 13:00:00;28.19;22.63;29.23
2020-06-29 14:00:00;26.98;21.98;28.43
2020-06-29 15:00:00;26.87;21.02;26.63
2020-06-29 16:00:00;26.3;19.85;25.72
2020-06-29 17:00:00;27.63;22.84;27.58
2020-06-29 18:00:00;30.17;32.96;33.09
2020-06-29 19:00:00;32.03;34.95;34.95
2020-06-29 20:00:00;32.58;34.9;34.9
2020-06-29 21:00:00;32.18;34.63;34.59
2020-06-29 22:00:00;31.0;33.97;34.03
2020-06-29 23:00:00;27.75;23.28;30.91
2020-06-30 00:00:00;27.27;22.49;27.81
2020-06-30 01:00:00;24.32;21.02;27.14
2020-06-30 02:00:00;22.72;17.53;24.31
2020-06-30 03:00:00;20.09;15.82;21.2
2020-06-30 04:00:00;19.74;16.44;20.05
2020-06-30 05:00:00;21.6;19.1;24.69
2020-06-30 06:00:00;26.22;25.79;30.5
2020-06-30 07:00:00;31.73;31.95;34.31
2020-06-30 08:00:00;30.55;26.14;39.84
2020-06-30 09:00:00;31.21;17.1;39.94
2020-06-30 10:00:00;32.43;2.58;39.84
2020-06-30 11:00:00;33.42;0.39;40.01
2020-06-30 12:00:00;32.75;0.92;39.44
2020-06-30 13:00:00;31.55;-0.08;38.0
2020-06-30 14:00:00;31.2;0.06;37.02
2020-06-30 15:00:00;31.19;1.32;37.19
2020-06-30 16:00:00;31.68;1.44;34.98
2020-06-30 17:00:00;31.94;21.2;37.37
2020-06-30 18:00:00;31.83;27.73;38.8
2020-06-30 19:00:00;33.03;33.38;39.9
2020-06-30 20:00:00;34.27;36.1;39.04
2020-06-30 21:00:00;34.37;35.54;35.79
2020-06-30 22:00:00;33.33;34.94;39.34
2020-06-30 23:00:00;31.08;31.6;38.14
2020-07-01 00:00:00;31.96;23.92;35.0
2020-07-01 01:00:00;29.5;25.04;30.31
2020-07-01 02:00:00;27.95;25.59;27.05
2020-07-01 03:00:00;26.71;25.03;25.07
2020-07-01 04:00:00;26.54;24.78;25.38
2020-07-01 05:00:00;28.1;25.89;26.63
2020-07-01 06:00:00;34.98;33.75;33.75
2020-07-01 07:00:00;39.56;37.97;37.97
2020-07-01 08:00:00;42.08;39.99;39.99
2020-07-01 09:00:00;39.15;38.29;39.75
2020-07-01 10:00:00;35.87;37.06;39.31
2020-07-01 11:00:00;34.91;36.14;38.86
2020-07-01 12:00:00;33.76;28.4;40.15
2020-07-01 13:00:00;33.55;24.16;39.41
2020-07-01 14:00:00;33.57;25.0;35.63
2020-07-01 15:00:00;33.27;26.41;28.47
2020-07-01 16:00:00;33.03;27.17;27.5
2020-07-01 17:00:00;35.93;32.91;32.96
2020-07-01 18:00:00;39.96;37.37;37.44
2020-07-01 19:00:00;44.31;43.29;43.29
2020-07-01 20:00:00;42.81;40.8;40.8
2020-07-01 21:00:00;40.76;40.12;40.12
2020-07-01 22:00:00;40.59;40.25;40.25
2020-07-01 23:00:00;36.5;37.91;37.91
